ID,Origin,media,url,zipcode_iber,zipcode_cac
0,"Iberfier, CAC, OJD",el 9 nou,el9nou.cat,08500,08500
2,"Iberfier, CAC, OJD",betevé,beteve.cat,08018,08099
3,"Iberfier, CAC, OJD",pirineus tv,pirineustv.cat,25700,25700
4,"Iberfier, CAC, OJD",ràdio sabadell,radiosabadell.fm,08202,08202
5,"AMIC, Iberfier, OJD",adolescents,adolescents.cat,08500,
7,"AMIC, Iberfier, OJD",laopiniondetorrent,laopiniondetorrent.es,46900,
8,"AMIC, Iberfier, OJD",fosbury,fosbury.cat,08350,
9,"AMIC, Iberfier, OJD",comunicacio21,comunicacio21.cat,08013,
13,"AMIC, Iberfier, OJD",surtdecasa,surtdecasa.cat,43520,
14,"AMIC, Iberfier, OJD",festadirecte,festadirecte.cat,08014,
15,"AMIC, Iberfier, OJD",jornal,jornal.cat,08401,
16,"AMIC, Iberfier, OJD",diarieducacio,diarieducacio.cat,08010,
17,"AMIC, Iberfier, OJD",gastronomicament,gastronomicament.cat,07005,
18,"AMIC, Iberfier, OJD",diaridelmaestrat,diaridelmaestrat.com,12500,
19,"AMIC, Iberfier, OJD",eltemps,eltemps.cat,46001,
21,"AMIC, Iberfier, OJD",meseconomia,meseconomia.cat,08014,
22,"AMIC, Iberfier, OJD",elcritic,elcritic.cat,08010,
23,"AMIC, Iberfier, OJD",elmon,elmon.cat,"08007, 08172, 08221",
28,"AMIC, Iberfier, OJD",anoiadiari,anoiadiari.cat,08700,
29,"AMIC, Iberfier, OJD",aquibergueda,aquibergueda.cat,08600,
30,"AMIC, Iberfier, OJD",balaguer,balaguer.tv,25600,
31,"AMIC, Iberfier, OJD",comarquesdeponent,comarquesdeponent.com,25300,
32,"AMIC, Iberfier, OJD",comarquesnord,comarquesnord.cat,12300,
34,"AMIC, Iberfier, OJD",diaridegirona,diaridegirona.cat,17002,
35,"AMIC, Iberfier, OJD",diaridesabadell,diaridesabadell.com,08201,
36,"AMIC, Iberfier, OJD",ebredigital,ebredigital.cat,43003,
37,"AMIC, Iberfier, OJD",eixdiari,eixdiari.cat,08800,
38,"AMIC, Iberfier, OJD",elcargol,elcargol.com,08720,
39,"AMIC, Iberfier, OJD",elcugatenc,elcugatenc.cat,08173,
40,"AMIC, Iberfier, OJD",expresdesantandreu,expresdesantandreu.cat,08030,
41,"AMIC, Iberfier, OJD",infoanoia,infoanoia.cat,08788,
42,"AMIC, Iberfier, OJD",infocamp,infocamp.cat,43001,
43,"AMIC, Iberfier, OJD",labustia,labustia.cat,08760,
44,"AMIC, Iberfier, OJD",laguiadereus,laguiadereus.com,43206,
45,"AMIC, Iberfier, OJD",lamanyana,lamanyana.cat,25191,
46,"AMIC, Iberfier, OJD",lapremsadelbaix,lapremsadelbaix.es,08950,
47,"AMIC, Iberfier, OJD",marfanta,marfanta.com,43500,
48,"AMIC, Iberfier, OJD",mesebre,mesebre.cat,43500,
49,"AMIC, Iberfier, OJD",mesosona,mesosona.cat,08500,
50,"AMIC, Iberfier, OJD",mollerussa,mollerussa.tv,25230,
51,"AMIC, Iberfier, OJD",noticiestgn,noticiestgn.cat,43003,
52,"AMIC, Iberfier, OJD",onabages,onabages.cat,08650,
54,"AMIC, Iberfier, OJD",reusdigital,reusdigital.cat,43201,
55,"AMIC, Iberfier, OJD",revistacambrils,revistacambrils.cat,43850,
56,"AMIC, Iberfier, OJD",somlallagosta,somlallagosta.cat,08100,
57,"AMIC, Iberfier, OJD",somlesfranqueses,somlesfranqueses.cat,08100,
58,"AMIC, Iberfier, OJD",sommartorelles,sommartorelles.cat,08100,
59,"AMIC, Iberfier, OJD",somparets,somparets.cat,08100,
60,"AMIC, Iberfier, OJD",somsantfost,somsantfost.cat,08100,
61,"AMIC, Iberfier, OJD",tarragonadigital,tarragonadigital.com,43201,
62,"AMIC, Iberfier, OJD",tarrega,tarrega.tv,25300,
63,"AMIC, Iberfier, OJD",totsantcugat,totsantcugat.cat,08172,
64,"AMIC, Iberfier, OJD",veuanoia,veuanoia.cat,08700,
66,"AMIC, Iberfier, OJD",radiocapital,radiocapital.cat,17200,
67,"AMIC, Iberfier, OJD",lamira,lamira.cat,08010,
68,"AMIC, Iberfier, OJD",enderrock,enderrock.cat,08021,
70,"AMIC, Iberfier, OJD",socpetit,socpetit.cat,43712,
71,"AMIC, Iberfier, OJD",diaritreball,diaritreball.cat,"08023, 08029",
73,"AMIC, Iberfier, OJD",timeout,timeout.cat,08003,
74,"AMIC, Iberfier, OJD",diarisanitat,diarisanitat.cat,08010,
75,"AMIC, Iberfier, OJD",racocatala,racocatala.cat,08010,
76,"AMIC, Iberfier, OJD",panxing,panxing.net,08339,
77,"AMIC, Iberfier, OJD",loclar,loclar.es,46870,
78,"AMIC, Iberfier, OJD",dbalears,dbalears.cat,07001,
82,"AMIC, Iberfier, OJD",noudiari,noudiari.es,07800,
83,"AMIC, Iberfier, OJD",saveu,saveu.cat,07100,
85,"AMIC, Iberfier, OJD",aramultimedia,aramultimedia.com,03801,
86,"AMIC, Iberfier, OJD",castelloextra,castelloextra.com,46017,
87,"AMIC, Iberfier, OJD",valenciaextra,valenciaextra.com,46017,
88,"AMIC, OJD",fibwidiario,fibwidiario.com,,
89,"AMIC, OJD",laconca51,laconca51.cat,,
90,"AMIC, OJD",festacatalunya,festacatalunya.cat,,
91,"AMIC, OJD",apuntmenorca,apuntmenorca.com,,
92,"AMIC, OJD",tornaveu,tornaveu.cat,,
93,"AMIC, OJD",exterior,exterior.cat,,
94,"AMIC, OJD",cultura21,cultura21.cat,,
95,"AMIC, OJD",elmoncasteller,elmoncasteller.cat,,
96,"AMIC, OJD",escaparatedigital,escaparatedigital.com,,
97,"AMIC, OJD",indicadordeeconomia,indicadordeeconomia.com,,
98,"AMIC, OJD",lesvegueries,lesvegueries.cat,,
99,"AMIC, OJD",cronica,cronica.es,,
100,"AMIC, OJD",bellaterradiari,bellaterradiari.cat,,
101,"AMIC, OJD",canal21ebre,canal21ebre.com,,
102,"AMIC, OJD",diarideterrassa,diarideterrassa.com,,
103,"AMIC, OJD",lafurapenedes,lafurapenedes.cat,,
104,"AMIC, OJD",molletama,molletama.cat,,
105,"AMIC, OJD",monterrassa,monterrassa.cat,,
107,"AMIC, OJD",pallarsdigital,pallarsdigital.cat,,
108,"AMIC, OJD",tdbactualitat,tdbactualitat.cat,,
109,"AMIC, OJD",totcerdanyola,totcerdanyola.cat,,
110,"AMIC, OJD",totrubi,totrubi.cat,,
111,"AMIC, OJD",laveudelsllibres,laveudelsllibres.cat,,
113,"AMIC, OJD",7diesactualitat,7diesactualitat.com,,
114,"AMIC, OJD",monplaneta,monplaneta.cat,,
115,"AMIC, OJD",viasona,viasona.cat,,
116,"AMIC, OJD",uepmallorca,uepmallorca.app,,
118,"AMIC, OJD",lasbandasdemusica,lasbandasdemusica.com,,
119,"AMIC, OJD",elmondelatele,elmondelatele.cat,,
120,"AMIC, OJD",periodicontinyent,periodicontinyent.com,,
121,"AMIC, OJD",castello24,castello24.com,,
122,"AMIC, OJD",foravila,foravila.net,,
123,"AMIC, OJD",balearsvadevi,balearsvadevi.cat,,
125,"AMIC, OJD",digitalmanacor,digitalmanacor.com,,
126,"AMIC, OJD",eliris,eliris.cat,,
127,"AMIC, OJD",mallorcadiario,mallorcadiario.com,,
128,"AMIC, OJD",menorcaaldia,menorcaaldia.com,,
129,"AMIC, OJD",menorca,menorca.info,,
130,"AMIC, OJD",palmesana,palmesana.com,,
131,"AMIC, OJD",revista07500,revista07500.com,,
132,"AMIC, OJD",ultimahora,ultimahora.es,,
133,"AMIC, OJD",firesifestes,firesifestes.es,,
134,"AMIC, OJD",alicantextra,alicantextra.com,,
135,"AMIC, OJD",castellonoticies,castellonoticies.com,,
137,"AMIC, OJD",revistapoble,revistapoble.net,,
138,"AMIC, OJD",revistasao,revistasao.cat,,
139,"AMIC, OJD",tvdigitalontinyent,tvdigitalontinyent.com,,
140,"AMIC, OJD",diariandorra,diariandorra.ad,,
141,"Iberfier, OJD",aldia.cat,aldia.cat,28046,
142,"Iberfier, OJD",alicante plaza,alicanteplaza.es,46002,
143,"Iberfier, OJD",betera.com,betera.com,46117,
144,"Iberfier, OJD",camp de túria,camp-de-turia.es,46190,
145,"Iberfier, OJD",castellón plaza,castellonplaza.com,46002,
146,"Iberfier, OJD",catalunya diari,catalunyadiari.com,43201,
147,"Iberfier, OJD",catorze,catorze.cat,08012,
148,"Iberfier, OJD",comarcal cv,comarcalcv.com,46020,
149,"Iberfier, OJD",cugat.cat,cugat.cat,08172,
150,"Iberfier, OJD",cuina,cuina.cat,08014,
151,"Iberfier, OJD",dénia.com,denia.com,03700,
152,"Iberfier, OJD",descobrir,descobrir.cat,17005,
153,"Iberfier, OJD",diari digital,diaridigital.es,46800,
154,"Iberfier, OJD",diario de alicante,diariodealicante.net,03002,
155,"Iberfier, OJD",directa,directa.cat,08014,
156,"Iberfier, OJD",el meridiano l'horta,elmeridiano.es,46023,
157,"Iberfier, OJD",elperiodic.com,elperiodic.com,35215,
158,"Iberfier, OJD",empordà info,emporda.info,17600,
159,"Iberfier, OJD",golsmedia,golsmedia.com,46001,
160,"Iberfier, OJD",infotúria,infoturia.com,46183,
161,"Iberfier, OJD",la república,larepublica.cat,08014,
162,"Iberfier, OJD",la veu de lliria,laveudelliria.com,46160,
163,"Iberfier, OJD",lleida diari,lleidadiari.cat,25001,
164,"Iberfier, OJD",manresa diari,manresadiari.cat,08240,
165,"Iberfier, OJD",noticias comunitat valenciana,noticiascv.com,,
166,"Iberfier, OJD",nova tàrrega,novatarrega.cat,25300,
167,"Iberfier, OJD",página 66,pagina66.com,03803,
168,"Iberfier, OJD",radio esport valencia,radioesport914.com,46035,
169,"Iberfier, OJD",rubí tv,rubitv.cat,08191,
170,"Iberfier, OJD",sapiens,sapiens.cat,08014,
171,"Iberfier, OJD",social,social.cat,08402,
172,"Iberfier, OJD",som granollers,somgranollers.cat,08100,
173,"Iberfier, OJD",som mollet,sommollet.cat,08100,
174,"Iberfier, OJD",som montmeló,sommontmelo.cat,08100,
175,"Iberfier, OJD",som montornès,sommontornes.cat,08100,
176,"Iberfier, OJD",som vallés,somvalles.cat,08100,
177,"Iberfier, OJD",territoris,territoris.cat,25230,
178,"Iberfier, OJD",tva,tv-a.es,03802,
179,"Iberfier, OJD",valència diari,valenciadiari.com,46007,
181,"Iberfier, OJD",valencia noticias,valencianoticias.com,46008,
182,"Iberfier, OJD",valencia plaza,valenciaplaza.com,46002,
183,"Iberfier, OJD",valors,valors.org,08301,
184,"Iberfier, OJD",viu molins de rei,viumolinsderei.com,08750,
185,"Iberfier, OJD",xtradio,xtradio.es,46800,
210,"AMIC, Iberfier, OJD",viaempresa,viaempresa.cat,08172,
211,"AMIC, Iberfier, OJD",ara,ara.cat,08015,
216,"AMIC, Iberfier, OJD",catalunyapress,catalunyapress.cat,08007,
217,"AMIC, Iberfier, OJD",capgros,capgros.com,08172,
218,"AMIC, Iberfier, OJD",diarimes,diarimes.com,43003,
219,"AMIC, Iberfier, OJD",laciutat,laciutat.cat,43004,
220,"AMIC, Iberfier, OJD",catalunyamagrada,catalunyamagrada.cat,08172,
221,"AMIC, Iberfier, OJD",segre,segre.com,25005,
223,"AMIC, Iberfier, OJD",aguaita,aguaita.cat ,08007,
224,"AMIC, OJD",elnostreciutat,elnostreciutat.com (elnostreperiodic.com),,
225,"AMIC, OJD",noticiasmarinaalta,noticiasmarinaalta.es ,,
226,"AMIC, OJD",espai,espai.media,,
227,"AMIC, OJD",el9nou,el9nou.cat ,,
229,"AMIC, OJD",lasrepublicas,lasrepublicas.com ,,
230,"AMIC, OJD",catalunyaplural,catalunyaplural.cat ,,
231,"AMIC, OJD",larepublica,larepublica.cat ,,
233,"AMIC, OJD",xcatalunya,xcatalunya.cat,,
234,"AMIC, OJD",lleidadiari,lleidadiari.cat ,,
235,"AMIC, OJD",manresadiari,manresadiari.cat ,,
236,"AMIC, OJD",rubitv,rubitv.cat (grup naciodigital),,
237,"AMIC, OJD",somvalles,somvalles.cat ,,
238,"AMIC, OJD",tarragona21,tarragona21.com ,,
239,"AMIC, OJD",territorirural,territorirural.cat (monrural.cat),,
240,"AMIC, OJD",audio,audio.cat    (tirabol),,
241,"AMIC, OJD",diariodemallorca,diariodemallorca.es (P.Iberica),,
242,"AMIC, OJD",tucomarca,tucomarca.com ,,
243,"AMIC, OJD",elsoller,elsoller.cat  ,,
245,"AMIC, OJD",diarilaveu,diarilaveu.cat (nosaltreslaveu.com),,
247,"AMIC, OJD",elperiodic,elperiodic.ad,,
248,"Iberfier, OJD",el punt avui,elpuntavui.cat,17005,
2471,"Iberfier, CAC",emun fm ràdio,emunfmradio.cat,,25126
2472,"Iberfier, CAC",ràdio vallromanes,radio.vallromanes.cat,08188,08188
2473,"Iberfier, CAC",solsona fm,solsonafm.media,,25280
2474,"Iberfier, CAC",alpicat ràdio,alpicatradio.com,25110,25110
2475,"Iberfier, CAC",altafulla ràdio,altafullaradio.cat,43893,43893
2476,"Iberfier, CAC",amposta ràdio,amposta.cat,43870,43870
2477,"Iberfier, CAC",antena aldaia,antenaaldaia.com,46960,43896
2478,"Iberfier, CAC",antena caro,antenacaro.cat,43520,43520
2479,"Iberfier, CAC",canal 10 empordà,canal10.cat,17130,17130
2480,"Iberfier, CAC",canal blau,canalblau.cat,08800,08800
2481,"Iberfier, CAC",constantí ràdio,constantiradio.cat,43120,43120
2482,"Iberfier, CAC",cope barcelona,cope.es,08007,08099
2483,"Iberfier, CAC",digital hits fm,digitalhits.cat,08206,"08026, 08206, 08809"
2488,"Iberfier, CAC",el prat ràdio,elpratradio.com,08820,08820
2489,"Iberfier, CAC",flaix fm,flaixfm.cat,08007,"08007, 08391"
2498,"Iberfier, CAC",gum fm,gumfm.com,25530,
2500,"Iberfier, CAC",imagina ràdio,imaginaradio.com,43500,43500
2501,"Iberfier, CAC",la sénia ràdio,laseniaradio.cat,,43560
2502,"Iberfier, CAC",la plana ràdio,laplanaradio.cat,13570,43570
2503,"Iberfier, CAC",la veu de navàs,laveudenavas.navas.cat,,08670
2504,"Iberfier, CAC",llagostera ràdio,llagosteraradio.cat,17240,17240
2505,"Iberfier, CAC",mataró ràdio,mataroradio.cat,08302,08302
2506,"Iberfier, CAC",nova ràdio lloret,novaradiolloret.org,17310,17310
2507,"Iberfier, CAC",olot televisió,olot.tv,17800,17800
2508,"Iberfier, CAC",ona codinenca,onacodinenca.cat,08182,08182
2509,"Iberfier, CAC",ona la torre,ona-latorre.cat,43830,43830
2510,"Iberfier, CAC",rac 1,rac1.org,08036,08036
2531,"Iberfier, CAC",rac 105,rac105.cat,08036,08036
2546,"Iberfier, CAC",ràdio abrera,radioabrera.cat,08630,08630
2547,"Iberfier, CAC",ràdio arenys,radioarenys.cat,08350,08350
2548,"Iberfier, CAC",ràdio arenys de munt,radioarenysmunt.cat,08358,08358
2549,"Iberfier, CAC",ràdio argentona,argentona.cat,08310,08310
2550,"Iberfier, CAC",ràdio balsareny,radiobalsareny.org,08660,08660
2551,"Iberfier, CAC",ràdio banyoles,Radiobanyoles.cat,17820,17820
2552,"Iberfier, CAC",ràdio blanes,radioblanes.cat,17300,17300
2553,"Iberfier, CAC",ràdio cabrera,audiovisualcabrera.net,08349,08349
2554,"Iberfier, CAC",ràdio caldes,radiocaldes.cat,08140,08140
2555,"Iberfier, CAC",ràdio canet,radiocanet.cat,08360,08360
2556,"Iberfier, CAC",ràdio cap de creus,radiocapdecreus.radiostream321.com,17488,17488
2557,"Iberfier, CAC",ràdio capellades,radiocapellades.net,08786,08786
2558,"Iberfier, CAC",ràdio cassà,radiocassa.cat,17244,17244
2559,"Iberfier, CAC",ràdio castelldefels,radiocastelldefels.org,08860,08860
2560,"Iberfier, CAC",ràdio celrà,radio.celra.cat,17460,17460
2561,"Iberfier, CAC",ràdio cornellà,radiocornella.cat,08940,08940
2562,"Iberfier, CAC",ràdio cubelles,radiocubelles.cat,08880,08880
2563,"Iberfier, CAC",ràdio cunit,radiocunit.cat,43881,43881
2564,"Iberfier, CAC",ràdio desvern,radiodesvern.com,08960,08960
2565,"Iberfier, CAC",ràdio dos 84,radiodos84.com,17450,17450
2566,"Iberfier, CAC",ràdio estel,radioestel.com,08014,08014
2577,"Iberfier, CAC",ràdio falset,radiofalset.cat,43730,43730
2578,"Iberfier, CAC",ràdio flaixbac,radioflaixbac.cat,08007,"08007, 08391"
2591,"Iberfier, CAC",ràdio flix,radioflix.cat,,43750
2592,"Iberfier, CAC",ràdio gavà,radiogava.cat,08850,08840
2593,"Iberfier, CAC",ràdio gelida,radiogelida.cat,08790,08790
2594,"Iberfier, CAC",ràdio granollers,emisora.org.es,08401,08400
2595,"Iberfier, CAC",ràdio igualada,radioigualada.cat,08700,08700
2596,"Iberfier, CAC",ràdio la vall,radiolavall.cat,17178,17178
2597,"Iberfier, CAC",ràdio les borges,radiolesborges.cat,25400,25400
2598,"Iberfier, CAC",ràdio l'escala,radiolescala.cat,17130,17130
2599,"Iberfier, CAC",ràdio les planes,radiolesplanes.com,17172,17172
2600,"Iberfier, CAC",ràdio llavaneres,radiollavaneres.cat,08392,08392
2601,"Iberfier, CAC",ràdio manlleu,radiomanlleu.cat,08560,08560
2602,"Iberfier, CAC",ràdio maricel,radiomaricel.cat,08870,08870
2603,"Iberfier, CAC",ràdio marina,radiomarina.com,17003,17300
2605,"Iberfier, CAC",ràdio masquefa,miratv.cat,,08783
2606,"Iberfier, CAC",ràdio molins de rei,radiomolinsderei.cat,08750,08750
2607,"Iberfier, CAC",ràdio montblanc,radiomontblanc.cat,43400,43400
2608,"Iberfier, CAC",ràdio montgrí,radiomontgri.com,17257,17257
2609,"Iberfier, CAC",ràdio montornès,radio.montornes.cat,08170,08170
2610,"Iberfier, CAC",ràdio ona,radioona.com,08570,08570
2611,"Iberfier, CAC",ràdio palafolls,radiopalafolls.cat,08389,08389
2612,"Iberfier, CAC",ràdio palafrugell,radiopalafrugell.cat,17200,17200
2613,"Iberfier, CAC",ràdio palamós,palamoscomunicacio.cat,17230,17230
2614,"Iberfier, CAC",ràdio pineda,radiopineda.com,08397,08397
2615,"Iberfier, CAC",ràdio pista,radiopista.cat,08550,08550
2616,"Iberfier, CAC",ràdio premià de mar,radiopremiademar.org,08330,08330
2617,"Iberfier, CAC",ràdio puig-reig,radiopuig-reig.net,08692,08692
2618,"Iberfier, CAC",ràdio ràpita,enacast.com,43540,43540
2619,"Iberfier, CAC",ràdio rosselló,radiorossello.radiostream321.com,25124,25124
2620,"Iberfier, CAC",ràdio rubí,radiorubi.fm,,08191
2621,"Iberfier, CAC",ràdio sallent,radiosallent.cat,08650,08650
2622,"Iberfier, CAC",ràdio sant andreu,radiosantandreu.com,08740,08740
2623,"Iberfier, CAC",ràdio sant boi,radiosantboi.cat,08830,08830
2624,"Iberfier, CAC",ràdio sant cebrià,radiosantcebria.cat,08396,08396
2625,"Iberfier, CAC",ràdio sant feliu,rsf.cat,17220,"08980, 17220"
2627,"Iberfier, CAC",ràdio sant hilari,radiosanthilari.com,17403,17403
2628,"Iberfier, CAC",ràdio sant joan,rsj.cat,17857,"08250, 17857"
2630,"Iberfier, CAC",ràdio sant quirze,radiosantquirze.cat,08192,08192
2631,"Iberfier, CAC",ràdio sant sadurní,radiosantsadurni.wordpress.com,08770,08770
2632,"Iberfier, CAC",ràdio sarrià,radio.sarriadeter.cat,17840,17840
2633,"Iberfier, CAC",ràdio silenci,radiosilenci.cat,08530,08530
2634,"Iberfier, CAC",ràdio súria,radiosuria.cat,08260,08260
2635,"Iberfier, CAC",ràdio taradell,radiotaradell.com,08552,08552
2636,"Iberfier, CAC",ràdio tiana,lalocal.tianat.cat,08391,08391
2637,"Iberfier, CAC",ràdio tordera,radiotordera.cat,08490,08490
2638,"Iberfier, CAC",ràdio tortosa,radiotortosa.cat,43500,43500
2639,"Iberfier, CAC",ràdio vic,radiovic.cat,08500,08500
2640,"Iberfier, CAC",ràdio vilablareix,radiovilablareix.cat,17180,17180
2641,"Iberfier, CAC",ràdio vilafant,radiovilafant.net,17740,17740
2642,"Iberfier, CAC",ràdio vila-sacra,radiovila-sacra.cat,17485,17485
2643,"Iberfier, CAC",ràdio vitamènia,radiovitamenia.wordpress.com,08460,08460
2644,"Iberfier, CAC",ràdio voltregà,radiovoltrega.com,08512,08512
2645,"Iberfier, CAC",ser catalunya,cadenaser.com,08010,"08010, 08099, 17230, 17800, 25007, 25230, 27005, 43000"
2658,"Iberfier, CAC",tarragona ràdio,tarragonaradio.cat,43005,43005
2659,"Iberfier, CAC",vallès visió,vallesvisio.cat,08100,08100
2660,"AMIC, Iberfier",sies,sies.tv,17001,
2661,"AMIC, Iberfier",revistamirall,revistamirall.com,08014,
2662,"AMIC, Iberfier",donesdigital,donesdigital.cat,08007,
2663,"AMIC, Iberfier",regio7,regio7.cat,08240,
2664,"AMIC, Iberfier",penedeseconomic,penedeseconomic.com,08720,
2665,"AMIC, Iberfier",naciodigital,naciodigital.cat,08007,
2761,"AMIC, Iberfier",gerio,gerio.cat,17190,
2762,"AMIC, Iberfier",isabadell,isabadell.cat,08201,
2763,"AMIC, Iberfier",lleida,lleida.com,25008,
2764,"AMIC, Iberfier",rctgn,rctgn.cat,43001,
2765,"AMIC, Iberfier",totbarcelona,totbarcelona.cat,08007,
2766,"AMIC, Iberfier",amartorell,amartorell.com,"08760, 08783",
2768,"AMIC, Iberfier",canalreustv,canalreustv.cat,43204,
2769,"AMIC, Iberfier",canalte,canalte.cat,43500,
2770,"AMIC, Iberfier",castellvilarenc,castellvilarenc.info,08296,
2771,"AMIC, Iberfier",cerdanyolaaldia,cerdanyolaaldia.com,08290,
2772,"AMIC, Iberfier",diaridebadalona,diaridebadalona.com,08912,
2773,"AMIC, Iberfier",diarieljardi,diarieljardi.cat,08034,
2774,"AMIC, Iberfier",diarisantquirze,diarisantquirze.cat,08192,
2775,"AMIC, Iberfier",elbaix,elbaix.cat,08980,
2776,"AMIC, Iberfier",gava,gava.info,"08850, 28006",
2778,"AMIC, Iberfier",independent,independent.cat,08012,
2780,"AMIC, Iberfier",laclau,laclau.cat,08340,
2781,"AMIC, Iberfier",latorredebarcelona,latorredebarcelona.com,08024,
2782,"AMIC, Iberfier",montpeita,montpeita.cat,08272,
2783,"AMIC, Iberfier",revistaderipollet,revistaderipollet.cat,08291,
2784,"AMIC, Iberfier",santboidiari,santboidiari.com,08750,
2785,"AMIC, Iberfier",tasta,tasta.cat,08600,
2786,"AMIC, Iberfier",totlleida,totlleida.cat,25003,
2787,"AMIC, Iberfier",uncopdull,uncopdull.com,43500,
2788,"AMIC, Iberfier",diaridesantacoloma,diaridesantacoloma.com,08912,
2789,"AMIC, Iberfier",diaridesantadria,diaridesantadria.com,08912,
2790,"AMIC, Iberfier",aolesa,aolesa.com,08783,
2791,"AMIC, Iberfier",amasquefa,amasquefa.com,08783,
2792,"AMIC, Iberfier",lescroniques,lescroniques.com,08224,
2793,"AMIC, Iberfier",loest,loest.cat,25300,
2794,"AMIC, Iberfier",alcaldes,alcaldes.eu,08007,
2795,"AMIC, Iberfier",defrancdigital,defrancdigital.com,07181,
2796,"AMIC, Iberfier",teatral,teatral.net,08001,
2797,"AMIC, Iberfier",elllobregat,elllobregat.com,08830,
2798,"AMIC, Iberfier",lavoz,lavoz.cat,08860,
2799,"AMIC, Iberfier",elfar,elfar.cat,08940,
2800,"AMIC, Iberfier",arabalears,arabalears.cat,07001,
2801,"AMIC, Iberfier",capvermell,capvermell.org,07580,
2802,"AMIC, Iberfier",manacormanacor,manacormanacor.com,07500,
2803,"AMIC, Iberfier",viufelanitx,viufelanitx.com,07200,
2804,"AMIC, Iberfier",lamarinaplaza,lamarinaplaza.com,03700,
2805,AMIC,eldiari,eldiari.online,,
2806,AMIC,campingscat,campingscat.com,,
2807,AMIC,Catalunyareligio,Catalunyareligio.cat  ,,
2808,AMIC,sapsque,sapsque.com,,
2809,AMIC,laveudalginet,laveudalginet.es,,
2810,AMIC,escenacultural,escenacultural.net,,
2811,AMIC,diaridebenicassim,diaridebenicassim.com,,
2812,AMIC,areavisual,areavisual.cat,,
2813,AMIC,gentedelasafor,gentedelasafor.es,,
2814,AMIC,media,media.cat,,
2815,AMIC,Núvol,Núvol.com,,
2816,AMIC,frontissa,frontissa.cat,,
2817,AMIC,culturalia,culturalia.club,,
2818,AMIC,festescatalunya,festescatalunya.com,,
2819,AMIC,culturaipaisatge,culturaipaisatge.cat ,,
2820,AMIC,tempsarts,tempsarts.cat,,
2821,AMIC,verlanga,verlanga.com,,
2822,AMIC,elculturista,elculturista.cat,,
2823,AMIC,diaridelallengua,diaridelallengua.cat,,
2824,AMIC,aboriginemag,aboriginemag.com,,
2825,AMIC,inediteducacion,inediteducacion.com ( ineditweb.es),,
2826,AMIC,vadevi,vadevi.cat,,
2827,AMIC,valledeelda,valledeelda.com,,
2828,AMIC,carrerlliure,carrerlliure.cat,,
2829,AMIC,canalte24,canalte24.cat ,,
2830,AMIC,esportsradio,esportsradio.cat,,
2831,AMIC,larepublicaesportiva,larepublicaesportiva.cat ,,
2832,AMIC,mon,mon,,
2833,AMIC,esportbalear,esportbalear.es,,
2834,AMIC,esportandreuenc,esportandreuenc.cat,,
2835,AMIC,lapositiva,lapositiva.cat,,
2836,AMIC,elgourmetcatala,elgourmetcatala.cat,,
2837,AMIC,foodiesonmenorca,foodiesonmenorca.com,,
2838,AMIC,vadegust,vadegust.cat,,
2839,AMIC,balearsvadegust,balearsvadegust.cat,,
2840,AMIC,hibridosyelectricos,hibridosyelectricos.com(publico.es),,
2841,AMIC,metadata,metadata.cat,,
2842,AMIC,blanquinegres,blanquinegres.com,,
2843,AMIC,Junior-report,Junior-report.cat,,
2844,AMIC,saplaca,saplaca.cat,,
2845,AMIC,totpla,totpla.cat,,
2846,AMIC,la-clau,la-clau.net,,
2847,AMIC,onadigital,onadigital.cat,,
2848,AMIC,sermaestrat,sermaestrat.com,,
2849,AMIC,somgandia,somgandia.com ,,
2850,AMIC,somsafor,somsafor.com,,
2851,AMIC,radiojove,radiojove.cat,,
2852,AMIC,baixcampradio,baixcampradio.com,,
2853,AMIC,empordà,empordà.info,,
2854,AMIC,líniaciutatvella,líniaciutatvella.cat,,
2855,AMIC,liniacornella,liniacornella.cat,,
2856,AMIC,líniaeixample,líniaeixample.cat,,
2857,AMIC,líniagracia,líniagracia.cat,,
2858,AMIC,líniahorta,líniahorta.cat,,
2859,AMIC,liniahospitalet,liniahospitalet.cat,,
2860,AMIC,línialescorts,línialescorts.cat,,
2861,AMIC,liniamar,liniamar.cat,,
2862,AMIC,línianord,línianord.cat,,
2863,AMIC,línianoubarris,línianoubarris.cat,,
2864,AMIC,liniarambla,liniarambla.cat,,
2865,AMIC,líniasantandreu,líniasantandreu.cat,,
2866,AMIC,líniasantmarti,líniasantmarti.cat,,
2867,AMIC,líniasants,líniasants.cat,,
2868,AMIC,líniasarria,líniasarria.cat,,
2869,AMIC,liniatres,liniatres.cat,,
2870,AMIC,líniavalles,líniavalles.cat,,
2871,AMIC,sommontmeló,sommontmeló.cat,,
2872,AMIC,Territoris,Territoris.cat,,
2873,AMIC,Viumolinsderei,Viumolinsderei.com,,
2874,AMIC,Viurealspirineus,Viurealspirineus.cat,,
2875,AMIC,andreuenc,andreuenc.cat,,
2876,AMIC,apropebre,apropebre.cat,,
2877,AMIC,calderi,calderi.cat,,
2878,AMIC,canalbaixpenedes,canalbaixpenedes.cat,,
2879,AMIC,castelldefels,castelldefels.digital,,
2880,AMIC,districte7,districte7.cat,,
2881,AMIC,ebreactiu,ebreactiu.cat,,
2882,AMIC,el3,el3.cat,,
2883,AMIC,elmirall,elmirall.net,,
2884,AMIC,elmonic,elmonic.cat,,
2885,AMIC,elpoll,elpoll.tv,,
2886,AMIC,eltotbadalona,eltotbadalona.cat,,
2887,AMIC,esplugues,esplugues.digital,,
2888,AMIC,jornalet,jornalet.com,,
2889,AMIC,laguait,laguait.cat,,
2890,AMIC,lamarina,lamarina.cat,,
2891,AMIC,lapremsamagazine,lapremsamagazine.cat,,
2892,AMIC,larella,larella.cat,,
2893,AMIC,lasemaineduroussillon,lasemaineduroussillon.com,,
2894,AMIC,lecositges,lecositges.cat,,
2895,AMIC,lleida24,lleida24.cat,,
2896,AMIC,madeinperpignan,madeinperpignan.com,,
2897,AMIC,marina360,marina360.cat ,,
2898,AMIC,martorelltv,martorelltv.com,,
2899,AMIC,radioarrels,radioarrels.cat,,
2900,AMIC,radiositges,radiositges.com,,
2901,AMIC,revistagroc,revistagroc.com ,,
2902,AMIC,ripolletaldia,ripolletaldia.cat,,
2903,AMIC,Santandreutv,Santandreutv.com,,
2904,AMIC,sitgesactiu,sitgesactiu.com,,
2905,AMIC,teleponent,teleponent.cat,,
2906,AMIC,tot-hospitalet,tot-hospitalet.cat,,
2907,AMIC,vilapress,vilapress.cat,,
2908,AMIC,zonasec,zonasec.cat,,
2909,AMIC,aabrera,aabrera.com,,
2910,AMIC,aesparraguera,aesparraguera.com,,
2915,AMIC,puntinformatiu,puntinformatiu.cat,,
2916,AMIC,canalajuntament,canalajuntament.cat,,
2917,AMIC,laradiodelsnens,laradiodelsnens.cat ,,
2918,AMIC,revistahiperbolic,revistahiperbolic.com,,
2919,AMIC,ahoramarinabaixa,ahoramarinabaixa.es,,
2920,AMIC,paris-barcelona,paris-barcelona.com,,
2921,AMIC,suasesport,suasesport.com,,
2922,AMIC,onacatradio,onacatradio.cat,,
2923,AMIC,parlant-de-detalls,parlant-de-detalls.cat,,
2924,AMIC,saltramusica,saltramusica.cat,,
2925,AMIC,latraca,latraca.net,,
2926,AMIC,criar,criar.cat (grup naciodigital),,
2927,AMIC,qualsevolnit,qualsevolnit.cat,,
2928,AMIC,laveudalgemesi,laveudalgemesi.es,,
2929,AMIC,formularapida,formularapida.net,,
2930,AMIC,barcelonaalemany,barcelonaalemany.com,,
2931,AMIC,Lesmuntanyes,Lesmuntanyes.com,,
2932,AMIC,revistaglobalclub,revistaglobalclub.es,,
2933,AMIC,equinoxmagazine,equinoxmagazine.fr,,
2935,AMIC,diacritic,diacritic.cat (fotlipou.com),,
2936,AMIC,ludica,ludica.cat,,
2937,AMIC,radiolavallduixo,radiolavallduixo.com,,
2938,AMIC,aquicatalunha,aquicatalunha.com.br,,
2939,AMIC,spacelaw,spacelaw.net   NO PUBLI,,
2940,AMIC,Social,Social.cat,,
2941,AMIC,tresdeu,tresdeu.com,,
2942,AMIC,suhecapuntcom,suhecapuntcom.com,,
2943,AMIC,fulldenginyeria,fulldenginyeria.cat,,
2944,AMIC,portada,portada.info,,
2945,AMIC,fetasantfeliu,fetasantfeliu.cat,,
2946,AMIC,elsbruguersdigital,elsbruguersdigital.cat,,
2947,AMIC,centpercent,centpercent.cat,,
2948,AMIC,mallorcactual,mallorcactual.com,,
2949,AMIC,manacorcomarcal,manacorcomarcal.com,,
2950,AMIC,menorcadiario,menorcadiario.es,,
2951,AMIC,onamediterrania,onamediterrania.cat ,,
2952,AMIC,Periodicodeibiza,Periodicodeibiza.es ,,
2953,AMIC,sompollença,sompollença.cat,,
2954,AMIC,forum,forum.ad,,
2955,AMIC,laciutat ,laciutat ,,
2956,Iberfier,243 cat,243cat.wordpress.com,,
2957,Iberfier,25 televisió,25televisio.com,08036,
2958,Iberfier,40 putes,40putes.com,,
2959,Iberfier,50x7,50x7.com,,
2960,Iberfier,772 el diari digital de castellbisbal,772.cat,08755,
2961,Iberfier,7 dies vallès,7diesvalles.com,08211,
2962,Iberfier,7deràdio,7deradio.cat,,
2963,Iberfier,777 comunica,setsetset.cat,08292,
2964,Iberfier,8 tv,8tv.cat,08036,
2965,Iberfier,9 exili,9exili.com,,
2966,Iberfier,9 magazine,9magazin.el9nou.cat,08500,
2967,Iberfier,acel obert,acelobert.com,08025,
2968,Iberfier,actualitat penal,actualitatpenal.cat,43002,
2969,Iberfier,actualitat valenciana,actualitatvalenciana.com,12001,
2970,Iberfier,agència catalana de notícies,acn.cat,08029,
2971,Iberfier,agencia efe,efe.com,28036,
2972,Iberfier,agrocultura,agrocultura.org,08242,
2973,Iberfier,aixoes mallorca,aixoesmallorca.com,,
2974,Iberfier,alacant extra,alacantextra.com,46017,
2975,Iberfier,altanto!!,altanto.cat,25110,
2976,Iberfier,alzira ràdio,alziraradio.com,46600,
2977,Iberfier,antena catalana,antenacatalana.net,,
2978,Iberfier,à punt,apuntmedia.es,46100,
2979,Iberfier,ara granollers,aragranollers.cat,08100,
2980,Iberfier,ara vallès,aravalles.cat,08100,
2981,Iberfier,audiovisual cabrera,audiovisualcabrera.net,08349,
2982,Iberfier,avenç el palau,avensdelpalau.cat,25243,
2983,Iberfier,badalona comunicació,bdncom.cat,08915,
2984,Iberfier,badanotis,badanotis.com,,
2985,Iberfier,banyoles tv,banyolestv.cat,17820,
2986,Iberfier,barcelona digital radio,digitalradio.cat,08014,
2987,Iberfier,barcelona metròpolis,barcelona.cat,08014,
2988,Iberfier,belltall,belltall.net,,
2989,Iberfier,benegre,benegre.cat,,
2990,Iberfier,berguedà actual,bergactual.com,08600,
2991,Iberfier,blanes al día,blanesaldia.com,17300,
2992,Iberfier,boca ràdio,bocaradio.org,08032,
2993,Iberfier,bolsamania,bolsamania.com,28020,
2994,Iberfier,butxaca,butxaca.com,08010,
2995,Iberfier,cafèambllet.com,cafeambllet.com,,
2996,Iberfier,calafell radio y tv,calafell.tv,43820,
2997,Iberfier,calamillor7,calamillor7.com,07550,
2998,Iberfier,cam ràdio,camradio.blogspot.com.es,,
2999,Iberfier,canal 4 radio,canal4radio.com,07121,
3000,Iberfier,canal 4 tv,canal4televisio.com,,
3001,Iberfier,canal set,canalset.com,08187,
3002,Iberfier,canal taronja,canaltaronja.cat,08241,
3003,Iberfier,capçalera,periodistes.cat,08007,
3004,Iberfier,caràkter ciutadà,carakter.org,08830,
3005,Iberfier,cassà digital,cassadigital.cat,17224,
3006,Iberfier,catalunya cristiana,catalunyacristiana.cat,08014,
3007,Iberfier,catalunya news,catalunyanews.cat,08001,
3008,Iberfier,catalunya plural,catalunyaplural.cat,08023,
3009,Iberfier,catalunya radio,ccma.cat,08021,
3010,Iberfier,cat música,catmusica.cat,,
3011,Iberfier,cerdanya digital,cerdanyadigital.cat,17520,
3012,Iberfier,cerdanyola informa!,cerdanyolainforma.cat,08222,
3013,Iberfier,cinegeticat,cinegeticat.cat,08261,
3014,Iberfier,circ de tarragona,circdetarragona.com,43003,
3015,Iberfier,ciutat nova,ciutatnova.org,17249,
3016,Iberfier,clicama,clicama.cat,08100,
3017,Iberfier,clic tv,clictv.cat,,
3018,Iberfier,climática,climatica.lamarea.com,28004,
3019,Iberfier,código nuevo,codigonuevo.com,08009,
3020,Iberfier,comunicació palafrugell,comunicaciopalafrugell.cat,17200,
3021,Iberfier,contra banda,contrabanda.org,08080,
3022,Iberfier,converses a catalunya,conversesacatalunya.cat,08034,
3023,Iberfier,cooltura fm,coolturafm.com,08005,
3024,Iberfier,cope tarragona-reus,cope.es,43201,
3025,Iberfier,cope valencia,cope.es,46004,
3026,Iberfier,corporació catalana de mitjans audiovisuals,ccma.cat,08017,
3027,Iberfier,costa magazine,costamagazine.com,43982,
3028,Iberfier,cupatges,cupatges.cat,08041,
3029,Iberfier,despí tv,despi.tv,,
3030,Iberfier,d’estil,destil.cat,17469,
3031,Iberfier,diacrític,diacritic.cat,08010,
3032,Iberfier,diagonal,revistadiagonal.com,08028,
3033,Iberfier,diari català,diaricatala.cat,08191,
3034,Iberfier,diari de barcelona,diaridebarcelona.cat,08002,
3035,Iberfier,diari de la neu,diaridelaneu.cat,17700,
3036,Iberfier,diari de tarragona,diaridetarragona.com,43005,
3037,Iberfier,diari de vilanova,diaridevilanova.cat,08800,
3038,Iberfier,diari la terreta,diarilaterreta.com,12003,
3039,Iberfier,diari la veu,diarilaveu.com,46270,
3040,Iberfier,diari maresme,diarimaresme.com,08940,
3041,Iberfier,diari serpis,diariserpis.com,46750,
3042,Iberfier,diari win,diariwin.cat,08172,
3043,Iberfier,directe!,directe.cat,08010,
3044,Iberfier,dossier europa,dossiereuropa.eu,25002,
3045,Iberfier,ebre exprés,ebreexpres.com,43870,
3046,Iberfier,el 3 de vuit,el3devuit.cat,08720,
3047,Iberfier,el babau,elbabau.net,25286,
3048,Iberfier,el capicua,elcapicua.cat,,
3049,Iberfier,el caso,elcaso.net,08029,
3050,Iberfier,el castell,elcastell.org,08860,
3051,Iberfier,el cinèfil,elcinefil.cat,,
3052,Iberfier,el diari,eldiari.cat,08240,
3053,Iberfier,el diari del vallès,diaridelvalles.cat,08224,
3054,Iberfier,eldiario.es,eldiario.es,28028,
3055,Iberfier,el dimoni,eldimoni.com,17820,
3056,Iberfier,el far fm,elfarfm.cat,,
3057,Iberfier,el matí independent de lleida,elmatiindependent.com,,
3058,Iberfier,el mercadal,elmercadal.cat,25600,
3059,Iberfier,el montònec digital,montonec.cat,08736,
3060,Iberfier,el nacional.cat,elnacional.cat,08029,
3061,Iberfier,el nas de cardedeu,elnasdecardedeu.cat,08440,
3062,Iberfier,el nostre digital,elnostreperiodic.com,03801,
3063,Iberfier,el país,elpais.com,28037,
3064,Iberfier,el periódico,elperiodico.com,08009,
3065,Iberfier,el poll tv,elpolltv.cat,17240,
3066,Iberfier,el prat tv,elprat.tv,08820,
3067,Iberfier,el ripollès digital,ripollesdigital.cat,17800,
3068,Iberfier,el salto,elsaltodiario.com,28045,
3069,Iberfier,el setmanari de súria,elsetmanaridesuria.cat,08006,
3070,Iberfier,el sot,elsot.cat,08192,
3071,Iberfier,el tecnològic,eltecnologic.cat,,
3072,Iberfier,el ter,elter.net,08560,
3073,Iberfier,el tot granollers,eltotgranollers.cat,08401,
3074,Iberfier,el tot mataró i maresme,totmataro.cat,08301,
3075,Iberfier,el travesser,eltravesser.cat,43800,
3076,Iberfier,el triangle,eltriangle.eu,08002,
3077,Iberfier,el vallenc,elvallenc.cat,43800,
3078,Iberfier,emporda digital,empordadigital.cat,,
3079,Iberfier,e-notícies,e-noticies.cat,08025,
3080,Iberfier,entorn revista digital,revistaentorn.com,,
3081,Iberfier,entreacte,entreacte.cat,08030,
3082,Iberfier,eroski consumer,consumer.es,48230,
3083,Iberfier,es diari,esdiari.com,07702,
3084,Iberfier,esguard,revistaesguard.cat,08003,
3085,Iberfier,espluga fm ràdio,esplugafmradio.info,43440,
3086,Iberfier,esquerra diari catalunya,esquerradiari.cat,,
3087,Iberfier,ésteva,etv.cat,08950,
3088,Iberfier,estris,estris.cat,08029,
3089,Iberfier,ets el que menges,etselquemenges.cat,08006,
3090,Iberfier,fem safareig,femsafareig.cat,43330,
3091,Iberfier,fútbol base catalá,futbolbasecatala.cat,08019,
3092,Iberfier,garrotxa digital,garrotxadigital.cat,17800,
3093,Iberfier,gavà tv,gavatv.cat,08850,
3094,Iberfier,gent gran,gentgran.org,08011,
3095,Iberfier,gidona,gidona.cat,17455,
3096,Iberfier,gironanotícies.com,gironanoticies.com,,
3097,Iberfier,globalon,globalon.es,,
3098,Iberfier,gool natura,goolnatura.cat,,
3099,Iberfier,gràcia món,graciamon.cat,,
3100,Iberfier,gràcia televisió,graciatelevisio.cat,,
3101,Iberfier,gramenet 2.0,gramenet20.com,,
3102,Iberfier,granollers informa!,granollersinforma.com,08222,
3103,Iberfier,gran vía radio,granviaradio.wixsite.com,08020,
3104,Iberfier,groc revista,revistagroc.com,25600,
3105,Iberfier,grup4,grup4.com,07121,
3106,Iberfier,guia nupcial,guianupcial.com,43713,
3107,Iberfier,hiperbòlic,hiperbolic.es,07012,
3108,Iberfier,hit 103,hit103.cat,43800,
3109,Iberfier,hola lleida,holalleida.com,25001,
3110,Iberfier,hora nova,horanova.cat,17600,
3111,Iberfier,ib3 televisió y ràdio,ib3tv.com,07180,
3112,Iberfier,icat radio,catradio.cat,08970,
3113,Iberfier,imc barcelona,barcelona.indymedia.org,,
3114,Iberfier,independent barbera,independentbarbera.cat,08210,
3115,Iberfier,indumentat,indumentat.com,,
3116,Iberfier,info jonquera,infojonquera.cat,17700,
3117,Iberfier,jove espectacle,jovespectacle.cat,08391,
3118,Iberfier,junior report,junior-report.media,08010,
3119,Iberfier,kodro.cat,kodro.cat,08320,
3120,Iberfier,la cala rtv,ametllamar.cat,43860,
3121,Iberfier,l'accent,laccent.cat,,
3122,Iberfier,la farga - revista de salt,revistalafarga.cat,17190,
3123,Iberfier,l'actual,radiocastellar.cat,08211,
3124,Iberfier,la fulla,lafulla.cat,25332,
3125,Iberfier,la local ràdio tiana,lalocal.tianat.cat,08391,
3126,Iberfier,la marina digital,lamarinadigital.cat,08038,
3127,Iberfier,la nova ràdio,lanovaradio.cat,13201,
3128,Iberfier,la ocho mediterráneo,laocho.tv,46023,
3129,Iberfier,la palanca,lapalanca.cat,25730,
3130,Iberfier,la plana al día,laplanaaldia.com,12530,
3131,Iberfier,la revistona,larevistona.cat,,
3132,Iberfier,l'artesenc,lartesenc.cat,08271,
3133,Iberfier,la veu de benicarló,laveudebenicarlo.info,12580,
3134,Iberfier,latinos fm,latinosfm.es,,
3135,Iberfier,la vanguardia,lavanguardia.com,08036,
3136,Iberfier,l'avenç,lavenc.cat,08010,
3137,Iberfier,la vila,lavila.cat,43840,
3138,Iberfier,lacolumna.cat,lacolumna.cat,08003,
3139,Iberfier,la vila digital,laviladigital.com,08470,
3140,Iberfier,la xarxa,laxarxa.com,08310,
3141,Iberfier,l’eco de sitges,lecodesitges.cat,08870,
3142,Iberfier,l'econòmic,leconomic.cat,08009,
3143,Iberfier,l'esportiu de catalunya,lesportiudecatalunya.cat,17005,
3144,Iberfier,levante ud radio,levanteud.com,46019,
3145,Iberfier,lhdigital,lhdigital.cat,08902,
3146,Iberfier,l'hora | el diari en línia de nou cicle,noucicle.org,,
3147,Iberfier,lliure i millor,lliureimillor.cat,17820,
3148,Iberfier,llobregós informatiu,llobregos.info,25750,
3149,Iberfier,l’opció,lopcio.cat,43800,
3150,Iberfier,lo pedris,lopedris.cat,43380,
3151,Iberfier,l'unilateral,unilateral.cat,08302,
3152,Iberfier,malgrat comunicació,malgratcomunicacio.cat,08380,
3153,Iberfier,maresme 360,maresme360.cat,17410,
3154,Iberfier,matadepera tv,matadepera.cat,08230,
3155,Iberfier,mataró audiovisual,mataroaudiovisual.alacarta.cat,,
3156,Iberfier,mètode,metode.cat,46008,
3157,Iberfier,mislata news,mislatanews.com,46920,
3158,Iberfier,mislata radio,mislataradio.com,46920,
3159,Iberfier,molins tv,molinstvonline.cat,08750,
3160,Iberfier,món empresarial,monempresarial.com,08006,
3161,Iberfier,montcada ràdio,montcadaradio.com,08110,
3162,Iberfier,nationalia,nationalia.cat,08029,
3163,Iberfier,noticiari es saig,essaig.cat,07210,
3164,Iberfier,nous catalans,nouscatalans.cat,,
3165,Iberfier,nova badia,novabadia.com,,
3166,Iberfier,nova conca,novaconca.cat,43800,
3167,Iberfier,novelda radio,noveldaradio.es,03660,
3168,Iberfier,núvol,nuvol.com,08001,
3169,Iberfier,ona mar,onamar.net,08913,
3170,Iberfier,ona mediterrània radio,onamediterrania.cat,07001,
3171,Iberfier,ona sants-monjüic,onadesants.cat,08014,
3172,Iberfier,onda cero castellón,ondacero.es,12002,
3173,Iberfier,onda cero catalunya,ondacero.es,08002,
3174,Iberfier,onda cero lleida,ondacero.es,28703,
3175,Iberfier,onda cero marina-baixa,ondacero.es,03570,
3176,Iberfier,onda cero tarragona,ondacero.es,43001,
3177,Iberfier,onda cero vilanova,ondacero.es,08800,
3178,Iberfier,on economía,oneconomia.com,08029,
3179,Iberfier,opcions,opcions.org,08042,
3180,Iberfier,orgull ràdio,orgull.cat,08041,
3181,Iberfier,osona informa!,osonainforma.cat,08222,
3182,Iberfier,palafrugell fm,radiopalafrugell.cat,17200,
3183,Iberfier,palau informatiu,palauinformatiu.info,08014,
3184,Iberfier,pantalla,pantalla.cat,,
3185,Iberfier,papers de vi,papersdevi.cat,08328,
3186,Iberfier,pares i nens,paresinens.cat,08172,
3187,Iberfier,piera tv,viladepiera.cat,08784,
3188,Iberfier,pilota veu,pilotaveu.com,46270,
3189,Iberfier,portaveu,portaveu.cat,25740,
3190,Iberfier,principal,principal.cat,08960,
3191,Iberfier,público,publico.es,08018,
3192,Iberfier,radar fm,radarfm.cat,,
3193,Iberfier,ràdio 4,rtve.es,28223,
3194,Iberfier,radio aktiva,radioaktivat.org,,
3195,Iberfier,radio alcoy,radioalcoy.com,03803,
3196,Iberfier,radio altea,radioaltea.com,03590,
3197,Iberfier,ràdio artà,radioarta.cat,07570,
3198,Iberfier,ràdio badalona,radiob.cat,08915,
3199,Iberfier,radio bala,radiobalamanresa.wordpress.com,,
3200,Iberfier,radio balaguer,radiobalaguer.cat,25600,
3201,Iberfier,ràdio barcelona,cadenaser.com,28013,
3202,Iberfier,ràdio begues,radiobegues.cat,08859,
3203,Iberfier,ràdio bon matí,radiobonmati.net,17164,
3204,Iberfier,radio calella televisió,radiocalella.cat,08370,
3205,Iberfier,ràdio canovelles city,radiocanovelles.com,08420,
3206,Iberfier,ràdio cardedeu,radiocardedeu.com,08440,
3207,Iberfier,radio castellón,cadenaser.com,12003,
3208,Iberfier,ràdio ciutat vella,radiociutatvella.es,08001,
3209,Iberfier,ràdio cocentaina,radiococentaina.com,03820,
3210,Iberfier,ràdio despí,radiodespi.net,08970,
3211,Iberfier,radio elche,cadenaser.com,03201,
3212,Iberfier,radio esparreguera,radioesparreguera.cat,08292,
3213,Iberfier,ràdio èxit,radioexit.com,,
3214,Iberfier,ràdio girona,cadenaser.com,17001,
3215,Iberfier,ràdio gladys palmera,gladyspalmera.com,08009,
3216,Iberfier,radio gracia,lameva.barcelona.cat,08012,
3217,Iberfier,ràdio hospitalet,radiohospitalet.cat,43890,
3218,Iberfier,ràdio illa formentera,radioilla.cat,07860,
3219,Iberfier,radio klara,radioklara.org,46001,
3220,Iberfier,ràdio l’arboç,radiobaixpenedes.com,43720,
3221,Iberfier,radio la selva,radiolaselva.cat,,
3222,Iberfier,ràdio litoral,radiolitoral.org,08395,
3223,Iberfier,ràdio lleida,cadenaser.com,25007,
3224,Iberfier,ràdio l'om,radiolom.es,46220,
3225,Iberfier,radio manises,radiomanises.es,46940,
3226,Iberfier,radio marca barcelona,radiomarcabarcelona.com,08006,
3227,Iberfier,radio matarranya,radiomatarranya.com,44580,
3228,Iberfier,radio milleniun de alicante,radiomilleniumdealicante.es,,
3229,Iberfier,ràdio mistelera,radiomistelera.blogspot.com.es,03709,
3230,Iberfier,ràdio mollet,radiomollet.com,08100,
3231,Iberfier,ràdio mora de ebre,radiomoradebre.cat,43740,
3232,Iberfier,radio nova,vilanovainformacio.cat,08800,
3233,Iberfier,radio olot,radiolot.cat,17800,
3234,Iberfier,radio ontinyent,radioontinyent.com,46870,
3235,Iberfier,radio palau,radiopalau.cat,08184,
3236,Iberfier,radio pego,radiopego.com,03780,
3237,Iberfier,radio piera,radiopiera.cat,08784,
3238,Iberfier,ràdio pinsania,radiopinsania.wordpress.com,,
3239,Iberfier,ràdio platja d’aro,rpa.cat,17250,
3240,Iberfier,radio pollença,radiopollença.net,07460,
3241,Iberfier,ràdio reus,cadenaser.com,43204,
3242,Iberfier,radio ripol ona 90,corisamediagrup.com,,
3243,Iberfier,ràdio salut,radiosalut.com,08006,
3244,Iberfier,radio san font,radiosantfost.cat,08105,
3245,Iberfier,ràdio santa perpetua,staperpetua.org,08130,
3246,Iberfier,ràdio sant pere i sant pau,radiospsp.com,43007,
3247,Iberfier,ràdio sant vicenç,radiosvh.info,08620,
3248,Iberfier,ràdio sentmenat,radiosentmenat.com,,
3249,Iberfier,ràdioseu,radioseu.cat,25700,
3250,Iberfier,ràdio sió agramunt,radiosio.cat,25310,
3251,Iberfier,radio star terrassa,radiostarterrassa.com,08227,
3252,Iberfier,radioteatre,radioteatre.com,,
3253,Iberfier,radio uji,radio.uji.es,12701,
3254,Iberfier,ràdio ulldecona i tvu,radioulldecona.net,43550,
3255,Iberfier,radio umh,radio.umh.es,03202,
3256,Iberfier,radio valencia,cadenaser.com,46002,
3257,Iberfier,radio vila-real,radiovila-real.es,12540,
3258,Iberfier,rap 107,rap107.fm,08150,
3259,Iberfier,remember ràdio joventut,radiojoventut.es,,
3260,Iberfier,report.cat,report.cat,08007,
3261,Iberfier,revista alella,revistaalella.cat,08328,
3262,Iberfier,revista baix empordà,revistabaixemporda.cat,17230,
3263,Iberfier,revista caramella,revistacaramella.cat,08513,
3264,Iberfier,revista castells,revistacastells.cat,08870,
3265,Iberfier,revista de catalunya,revistadecatalunya.cat,08001,
3266,Iberfier,revista de girona,revistadegirona.cat,17004,
3267,Iberfier,revista musical catalana,revistamusical.cat,08003,
3268,Iberfier,revista som i serem,revistasomiserem.com,,
3269,Iberfier,ribeirabaixa.info,riberabaixa.info,46410,
3270,Iberfier,ribera tv,riberatelevisio.com,46600,
3271,Iberfier,ripollet ràdio,ripolletradio.cat,08291,
3272,Iberfier,roda de berà radio,web.rodadebera.cat,,
3273,Iberfier,roses avui,rosesavui.com,17480,
3274,Iberfier,rtv10 - ràdio i televisió de sant esteve sesrovires,rtv10.net,08635,
3275,Iberfier,rtv el vendrell,rtvelvendrell.cat,43700,
3276,Iberfier,rtv vilafranca,rtvvilafranca.cat,08720,
3277,Iberfier,rubí informa,rubiinforma.com,08222,
3278,Iberfier,sabadell informa,sabadellinforma.com,08222,
3279,Iberfier,salut i força,saludediciones.com,07010,
3280,Iberfier,sant andreu tv,santandreutv.com,08740,
3281,Iberfier,sant boi notícies,sbn.cat,08830,
3282,Iberfier,sant cugat informa,santcugatinforma.com,08222,
3283,Iberfier,sants ràdio,sants3radio.cat,08014,
3284,Iberfier,sarment,ccbalsareny.cat,08660,
3285,Iberfier,scanner fm,scannerfm.com,08001,
3286,Iberfier,semprevalencia.com,semprevalencia.com,46023,
3287,Iberfier,sentmenat,sentmenat.com,08181,
3288,Iberfier,ser tarragona,cadenaser.com,43005,
3289,Iberfier,set accents,7accents.cat,25007,
3290,Iberfier,somatents,somatents.com,08001,
3291,Iberfier,som garrigues,somgarrigues.cat,25400,
3292,Iberfier,super deporte,superdeporte.es,46014,
3293,Iberfier,tac 12 tv,tac12.alacarta.cat,,
3294,Iberfier,taradell,taradell.com,08552,
3295,Iberfier,taronja digital anoia,canaltaronja.cat,08241,
3296,Iberfier,tarragona 21,tarragona21.com,43007,
3297,Iberfier,tarragona empresarial,tarragonaempresarial.com,,
3298,Iberfier,tarragonanoticias.com,tarragonanoticias.com,,
3299,Iberfier,televisió d’eivissa i formentera,teftv.com,07800,
3300,Iberfier,televisió de vandellòs,tvvandellos.cat,,
3301,Iberfier,televisió sant cugat,tvsantcugat.cat,08173,
3302,Iberfier,temes d’avui,lanostrarevista.temesdavui.org,08008,
3303,Iberfier,terrassa digital,terrassadigital.cat,08222,
3304,Iberfier,terrassa informa,terrassainforma.com,08222,
3305,Iberfier,teveon,teveon.tv,43500,
3306,Iberfier,the new barcelona post,thenewbarcelonapost.com,08003,
3307,Iberfier,tot ràdio,totradio.com,,
3308,Iberfier,totesport.cat,totesport.cat,08301,
3309,Iberfier,tottarragona.cat,tottarragona.cat,43003,
3310,Iberfier,tramuntana tv,tramuntanatv.com,17600,
3311,Iberfier,tribuna,tribuna.cat,08025,
3312,Iberfier,tus noticias de la costera,tusnoticiasdelacostera.com,46600,
3313,Iberfier,tus noticias de la plana,tusnoticiasdelaplana.com,46600,
3314,Iberfier,tus noticias de la ribera,tusnoticiasdelaribera.com,46600,
3315,Iberfier,tus noticias de la safor,tusnoticiasdelasafor.com,46600,
3316,Iberfier,tv berguedà - bages,tvbergueda.alacarta.cat,08600,
3317,Iberfier,tv costa brava,tvcostabrava.alacarta.cat,17248,
3318,Iberfier,tv girona,tvgirona.alacarta.cat,17001,
3319,Iberfier,tv ripollès,corisamediagrup.com,17500,
3320,Iberfier,tv tossa,tvtossa.cat,17320,
3321,Iberfier,tv vilanova del vallès,tv.vilanovadelvalles.cat,08410,
3322,Iberfier,ua1 ràdio,ua1.cat,25006,
3323,Iberfier,valencia fiesta y tradición,valenciafiestaytradicion.com,,
3324,Iberfier,valencia noticies,valencianoticies.com,46009,
3325,Iberfier,vallès oriental televisió,votv.alacarta.cat,08028,
3326,Iberfier,vallirana televisió,vallirana.tv,,
3327,Iberfier,verificat,verificat.cat,08025,
3328,Iberfier,vicolot costabrava,vicolot.com,08500,
3329,Iberfier,videojocscat,videojocscat.cat,08172,
3330,Iberfier,viladecans,viladecans.net,08840,
3331,Iberfier,vilaweb,vilaweb.cat,08001,
3332,Iberfier,vinaròs news,vinarosnews.net,12500,
3333,Iberfier,vox uji radio,radio.uji.es,12071,
3334,Iberfier,weekand sabadell,weekand.net,08202,
3335,Iberfier,weloba,weloba.cat,08006,
3336,CAC,3/24,www.ccma.cat,,08970
3337,CAC,alcanar ràdio,www.alcanarradio.org,,43530
3338,CAC,alcover ràdio,www.alcoveradio.cat,,43460
3339,CAC,banyoles televisió,www.banyolestv.cat,,17820
3340,CAC,bas ràdio,www.basradio.50webs.com,,17176
3341,CAC,bellvei ràdio,www.bellvei.cat,,43719
3342,CAC,cadena 100 barcelona,www.cadena100.es,,08037
3343,CAC,cadena 100 girona,www.cadena100.es,,17600
3344,CAC,cadena 100 lleida,www.cadena100.es,,25002
3345,CAC,cadena 100 reus-tarragona,www.cadena100.es,,43209
3346,CAC,cadena dial,www.cadenadial.com,,25007
3347,CAC,cadena dial barcelona,www.cadenadial.com,,08010
3348,CAC,cadena dial ebre,www.cadenadial.com,,43500
3349,CAC,cadena dial girona,www.cadenadial.com,,17999
3350,CAC,cadena dial penedès-garraf,www.cadenadial.com,,08720
3351,CAC,cadena dial salou,www.cadenadial.com,,43204
3352,CAC,calafell ràdio,www.calafell.tv,,43820
3353,CAC,caldes fm,www.caldesdemalavella.cat,,17455
3354,CAC,canal 20 ràdio olèrdola,www.olerdola.cat,,08734
3355,CAC,canal 21 ebre,www.canal21ebre.com,,43500
3356,CAC,canal 4,www.grup4.com,,"08036, 08960"
3359,CAC,canal reus tv,www.canalreustv.cat,,43209
3360,CAC,canal t.e.,canalte.xiptv.cat,,43500
3361,CAC,canal taronja anoia,www.canaltaronja.cat,,08700
3362,CAC,canal taronja bages,www.canaltaronja.tv,,08249
3363,CAC,canal taronja osona,www.canaltaronja.tv,,08500
3364,CAC,canal terrassa vallès,www.terrassadigital.cat,,08229
3365,CAC,catalunya informació,www.ccma.cat,,08021
3366,CAC,catalunya música,www.ccma.cat,,08021
3367,CAC,catalunya ràdio,www.ccma.cat,,08021
3368,CAC,cerdanyola ràdio,www.cerdanyola.info,,08290
3369,CAC,cugat ràdio,www.cugat.cat,,08199
3370,CAC,domenys ràdio,www.santjaumedelsdomenys.cat,,43713
3371,CAC,empordà televisió,empordatv.xiptv.cat,,17480
3372,CAC,emun fm ràdio albesa,www.emunfmradio.cat,,25135
3373,CAC,emun fm ràdio alfarràs,www.emunfmradio.cat,,25120
3374,CAC,emun fm ràdio alguaire,www.emunfmradio.cat,,25125
3375,CAC,emun fm ràdio torrefarrera,www.emunfmradio.cat,,25123
3376,CAC,esport3,www.ccma.cat,,08970
3377,CAC,etv,etv.xiptv.cat,,08950
3378,CAC,europa fm,www.europafm.com,,"08002, 08800, 17001, 25004, 43004"
3384,CAC,girona fm,www.gironafm.cat,,17002
3385,CAC,hit tv,www.hittv.es,,08099
3386,CAC,icat,www.catradio.cat,,08021
3387,CAC,kiss fm,www.kissfm.es,,"08013, 08229"
3389,CAC,la cala ràdio,www.ametllamar.cat,,43860
3390,CAC,la veu,www.santjoandelesabadesses.cat,,17860
3391,CAC,l'espluga fm ràdio,www.esplugafmradio.info,,43440
3392,CAC,live fm,www.livefm.cat,,17530
3393,CAC,lleida televisió,lleidatelevisio.xiptv.cat,,25999
3396,CAC,los40 catalunya,www.los40.com,,08010
3397,CAC,los40 catalunya central,www.los40.com,,08249
3398,CAC,los40 classic,www.los40.com,,43204
3399,CAC,los40 classic lleida,www.los40.com,,25007
3400,CAC,los40 costa brava,www.los40.com,,17999
3401,CAC,los40 girona,www.los40.com,,17999
3402,CAC,los40 la selva,www.los40.com,,17430
3403,CAC,los40 lleida,www.los40.com,,25007
3404,CAC,los40 mora d'ebre,www.los40.com,,43500
3405,CAC,los40 osona,www.los40.com,,08500
3406,CAC,los40 penedès-garraf,www.los40.com,,08800
3407,CAC,los40 pirineus puigcerdà,www.los40.com,,08010
3408,CAC,los40 tarragona,www.los40.com,,43210
3409,CAC,los40 urban,los40.com,,08099
3410,CAC,los40 urban,www.los40.com,,08010
3412,CAC,mar tv,www.martv.tv,,08330
3413,CAC,matadepera ràdio,www.matadepera.cat,,08230
3414,CAC,máxima fm,www.maxima.fm,,17999
3415,CAC,melodía fm,www.melodia-fm.com,,"08002, 17004, 25004"
3418,CAC,molahits tv,www.molatv.cat,,08809
3419,CAC,noucinc.2 ràdio,www.terrassadigital.cat,,08222
3420,CAC,olesa ràdio,www.olesademontserrat.cat,,08640
3421,CAC,ona bitlles,www.onabitlles.cat,,08776
3422,CAC,ona malgrat,www.malgratcomunicacio.cat,,08380
3423,CAC,ona vilamalla,www.onavilamalla.net,,17469
3424,CAC,onda cero,www.ondacero.es,,"08002, 08800, 17001, 25004, 43004"
3430,CAC,penedès fm subirats,www.penedesfm.cat,,08739
3431,CAC,penedès tv,www.rtvvilafranca.cat,,08720
3432,CAC,premià de dalt ràdio,www.premiadedalt.cat,,08338
3433,CAC,pròxima fm,www.proxima.cat,,25700
3434,CAC,punt 7 ràdio sant celoni,www.santceloni.cat,,08470
3435,CAC,ràdio 010,www.radio010.cat,,08273
3436,CAC,ràdio aran,www.baqueira.es,,25598
3437,CAC,ràdio arboç,www.radiobaixpenedes.cat,,43720
3438,CAC,ràdio arbúcies,www.arbucies.cat,,17401
3439,CAC,ràdio artesa de segre,www.ras.cat,,25730
3440,CAC,ràdio balaguer,www.radiobalaguer.cat,,25600
3441,CAC,ràdio barberà,www.radiobarbera.fm,,08210
3442,CAC,ràdio begur,www.begur.cat,,17255
3443,CAC,ràdio besalú,radiobesalu.blogspot.com.es,,17850
3444,CAC,ràdio bonmatí,www.radiobonmati.net,,17164
3445,CAC,ràdio cabanes,www.radiocabanes.cat,,17761
3446,CAC,ràdio calella,www.radiocalella.cat,,08370
3447,CAC,ràdio cambrils,www.radiocambrils.cat,,43850
3448,CAC,ràdio castellar,www.castellarvalles.cat,,08211
3449,CAC,ràdio corbera,www.corberadellobregat.cat,,08757
3450,CAC,ràdio delta,www.deltebre.cat,,43580
3451,CAC,ràdio el morell,www.radiomorell.cat,,43760
3452,CAC,ràdio el vendrell,www.rtvelvendrell.cat,,43700
3453,CAC,ràdio esparreguera,www.esparreguera.cat,,08292
3454,CAC,ràdio gandesa,www.gandesa.cat,,43780
3455,CAC,ràdio joventut,www.radiojoventut.cat,,43878
3456,CAC,ràdio juneda,webs.juneda.cat,,25430
3457,CAC,ràdio la bisbal,www.labisbal.cat,,17100
3458,CAC,ràdio la llagosta,www.radiolallagosta.cat,,08120
3459,CAC,ràdio la selva,www.radiolaselva.cat,,43470
3460,CAC,ràdio les,torismeles.com,,25540
3461,CAC,ràdio l'hospitalet de l'infant,radio.vandellos-hospitalet.cat,,43891
3462,CAC,ràdio llançà,www.radiollanca.cat,,17490
3463,CAC,ràdio marca barcelona,www.marca.com,,08006
3464,CAC,ràdio martorell,www.martorell.cat,,08760
3465,CAC,ràdio moià,www.radiomoia.cat,,08180
3466,CAC,ràdio mollet del vallès,www.radiomollet.com,,08100
3467,CAC,ràdio móra la nova,www.radiomoralanova.cat,,43770
3468,CAC,ràdio nova,www.vilanovainformacio.cat,,08788
3469,CAC,ràdio olot,www.radiolot.cat,,17800
3470,CAC,ràdio palau,www.radiopalau.cat,,08184
3471,CAC,ràdio pallejà,radiopalleja.blogspot.com.es,,08780
3472,CAC,ràdio piera,www.radiopiera.cat,,08784
3473,CAC,ràdio pinós,www.centrecat.com,,25287
3474,CAC,ràdio platja d'aro,www.rpa.cat,,17250
3475,CAC,ràdio puigcerdà,www.puigcerda.cat,,17520
3476,CAC,ràdio quart,www.quart.cat,,17242
3477,CAC,ràdio ripoll,www.corisamediagrup.com,,17500
3478,CAC,ràdio ripollet,www.ripolletradio.cat,,08291
3479,CAC,ràdio roda,www.radioroda.cat,,08510
3480,CAC,ràdio salt,www.viladesalt.cat,,17190
3481,CAC,ràdio sant esteve,www.rtv10.net,,08635
3482,CAC,ràdio sant fruitós,radiosantfruitos.cat,,08272
3483,CAC,ràdio sant gregori,www.santgregori.cat,,17150
3484,CAC,ràdio sant pol,www.radiosantpol.cat,,08395
3485,CAC,ràdio santa perpètua,www.staperpetua.org,,08130
3486,CAC,ràdio santa susanna,www.stasusanna.org,,08398
3487,CAC,ràdio santpedor,www.santpedor.net,,08251
3488,CAC,ràdio santvi,www.radiosantvi.cat,,08394
3489,CAC,ràdio seu fm,www.radioseu.cat,,25700
3490,CAC,ràdio sió,www.radiosio.cat,,25310
3491,CAC,ràdio st. vicenç,www.radiosvh.info,,08620
3492,CAC,ràdio tàrrega,www.radiotarrega.cat,,25300
3493,CAC,radio teletaxi,www.radioteletaxi.com,,"08900, 08922, 08929"
3508,CAC,ràdio tossa,www.radiotossa.com,,17320
3509,CAC,ràdio vallalta,www.santiscle.cat,,08359
3510,CAC,ràdio valls - hit 103,www.hit103.com,,43800
3511,CAC,ràdio vila,www.radiovila.cat,,08232
3512,CAC,ràdio vilafranca,www.rtvvilafranca.cat,,08720
3513,CAC,ràdio vilamajor,www.radiovilamajor.cat,,08459
3514,CAC,ràdiob - ràdio ciutat de badalona,www.radiob.cat,,08919
3515,CAC,rap 107 fm,www.rap107.fm,,08150
3516,CAC,rock fm,www.rockfm.fm,,08007
3520,CAC,roda de berà ràdio,www.rodadebera.cat,,
3521,CAC,sarroca ràdio,www.santmartisarroca.cat,,08731
3522,CAC,selva fm,www.selvafm.cat,,17404
3523,CAC,selva fm breda,www.selvafm.cat,,17400
3524,CAC,sx3/33,www.ccma.cat,,08970
3525,CAC,tac 12,www.tac12.tv,,43089
3526,CAC,te24,www.canalte24.cat,,43500
3527,CAC,teleb - televisió de badalona,www.teleb.cat,,08919
3528,CAC,televisió costa brava,www.tvcostabrava.com,,17248
3529,CAC,televisió de girona,www.tvgirona.tv,,17999
3530,CAC,televisió del berguedà - catalunya central,tvbergueda.xiptv.cat,,08600
3531,CAC,televisió del ripollès,televisiodelripolles.xiptv.cat,,17500
3532,CAC,terramar penedès,www.etv.cat,,08950
3533,CAC,terramar tarragona,www.etv.cat,,08950
3534,CAC,tivissa ràdio,www.tivissa.altanet.org,,43746
3535,CAC,tot tv,www.tottv.cat,,25700
3537,CAC,tv de l'hospitalet,www.lhdigital.cat,,08909
3538,CAC,tv el vendrell,www.rtvelvendrell.cat,,08720
3539,CAC,tv la selva,www.tvlaselva.cat,,08960
3540,CAC,tv sabadell vallès,www.tvsabadell-valles.cat,,08241
3541,CAC,tvscvallès 1,www.tvsantcugat.cat,,
3542,CAC,ua1 lleida ràdio,www.ua1.cat,,25999
3543,CAC,vacarisses ràdio,www.vacarisses.cat,,08233
3544,CAC,vallès oriental tv,www.votv.cat,,08409
3545,CAC,vilassar de dalt ràdio,www.vilassardedalt.org,,08339
3546,CAC,vilassar ràdio,vilassarradio.cat,,08340
3547,OJD,7televalencia,7televalencia.com,,
3548,OJD,actualidadcastellon,actualidadcastellon.com,,
3549,OJD,actualidadvalencia,actualidadvalencia.com,,
3550,OJD,agendadeisa,agendadeisa.com,,
3551,OJD,agronewscomunitatvalenciana,agronewscomunitatvalenciana.com,,
3552,OJD,algemesialdia,algemesialdia.com,,
3553,OJD,alicanteplaza,alicanteplaza.es,,
3554,OJD,aquimediosdecomunicacion,aquimediosdecomunicacion.com,,
3555,OJD,benissadigital,benissadigital.es,,
3556,OJD,betera,betera.com,,
3557,OJD,calpdigital,calpdigital.es,,
3558,OJD,camp-de-turia,camp-de-turia.es,,
3559,OJD,canal56,canal56.com,,
3560,OJD,castellonbase,castellonbase.com,,
3561,OJD,castellondiario,castellondiario.com,,
3562,OJD,castelloninformacion,castelloninformacion.com,,
3563,OJD,castellonplaza,castellonplaza.com,,
3564,OJD,cbnoticias,cbnoticias.com,,
3565,OJD,comarcal,comarcal.tv,,
3566,OJD,comarcalcv,comarcalcv.com,,
3567,OJD,copealcoy,copealcoy.es,,
3568,OJD,denia,denia.com,,
3569,OJD,deniadigital,deniadigital.es,,
3570,OJD,diadia,diadia.cat,,
3571,OJD,diaridigital,diaridigital.es,,
3572,OJD,diario siglo xxi,diario siglo xxi,,
3573,OJD,diariodealicante,diariodealicante.net,,
3574,OJD,e6d,e6d.es,,
3575,OJD,elcafedepipa,elcafedepipa.com,,
3576,OJD,eldiario,eldiario.es - comunidad valenciana,,
3577,OJD,eldiario,eldiario.es - la marina plaza,,
3578,OJD,elmeridiano,elmeridiano.es,,
3579,OJD,elperiodicodeaqui,elperiodicodeaqui.com,,
3580,OJD,elperiodicomediterraneo,elperiodicomediterraneo.com,,
3581,OJD,elperiodicvalencia,elperiodicvalencia.com,,
3582,OJD,emisorasmusicales,emisorasmusicales.net,,
3583,OJD,esdiario,esdiario.com - comunidadvalenciana,,
3584,OJD,europapress,europapress.es - comunitat valenciana,,
3585,OJD,gentdelescomarques,gentdelescomarques.com,,
3586,OJD,grupo digital de la marina alta (p),grupo digital de la marina alta (p),,
3587,OJD,hortanoticias,hortanoticias.com,,
3588,OJD,infonord,infonord.es,,
3589,OJD,infoturia,infoturia.com,,
3590,OJD,intercomarcal,intercomarcal.com,,
3591,OJD,interdiario,interdiario.es,,
3592,OJD,javea,javea.com,,
3593,OJD,lamarinaalta,lamarinaalta.com,,
3594,OJD,laveudelliria,laveudelliria.com,,
3595,OJD,lesmuntanyes,lesmuntanyes.com,,
3596,OJD,levante-emv,levante-emv.com,,
3597,OJD,lletraferit,lletraferit.com,,
3598,OJD,marinaalta,marinaalta.es,,
3599,OJD,monover,monover.com,,
3600,OJD,nosaltreslaveu,nosaltreslaveu.cat,,
3601,OJD,nostresport,nostresport.com,,
3602,OJD,noticiascv,noticiascv.com,,
3603,OJD,officialpress,officialpress.es,,
3604,OJD,pagina66,pagina66.com,,
3605,OJD,portaldexativa,portaldexativa.es,,
3606,OJD,proximiatv,proximiatv.com,,
3607,OJD,radiobanda,radiobanda.com,,
3608,OJD,radioesport914,radioesport914.com,,
3609,OJD,radiolitoral,radiolitoral.com,,
3610,OJD,revistauala,revistauala.com,,
3611,OJD,teleelx,teleelx.es,,
3612,OJD,teuladamorairadigital,teuladamorairadigital.es,,
3613,OJD,tv-a,tv-a.es,,
3614,OJD,valenciabase,valenciabase.com,,
3615,OJD,valenciabonita,valenciabonita.es,,
3616,OJD,valenciacity,valenciacity.es,,
3617,OJD,valenciadiari,valenciadiari.com,,
3618,OJD,valencianews,valencianews.es,,
3619,OJD,valencianoticias,valencianoticias.com,,
3620,OJD,valenciaplaza,valenciaplaza.com,,
3621,OJD,vila-realinformacio,vila-realinformacio.com,,
3622,OJD,viuvalencia,viuvalencia.com,,
3623,OJD,xabiaaldia,xabiaaldia.com,,
3624,OJD,artsmallorca,artsmallorca.com,,
3625,OJD,baleares-sinfronteras,baleares-sinfronteras.com,,
3626,OJD,canal4diario,canal4diario.com,,
3627,OJD,cronicabalear,cronicabalear.es,,
3628,OJD,diariodeibiza,diariodeibiza.es,,
3629,OJD,diariodemarratxi,diariodemarratxi.com,,
3630,OJD,economiademallorca,economiademallorca.com,,
3631,OJD,eldiario,eldiario.es - illes balears,,
3632,OJD,europapress,europapress.es - illes balears,,
3633,OJD,futboldesdemallorca,futboldesdemallorca.com,,
3634,OJD,gacetanautica,gacetanautica.es,,
3635,OJD,majorcadailybulletin,majorcadailybulletin.com,,
3636,OJD,mallorcaconfidencial,mallorcaconfidencial.com,,
3637,OJD,mallorcamagazin,mallorcamagazin.com,,
3638,OJD,mallorcazeitung,mallorcazeitung.es,,
3639,OJD,manacornoticias,manacornoticias.com,,
3640,OJD,okdiario,okdiario.com - okbaleares,,
3641,OJD,pasionporelmar,pasionporelmar.com,,
3642,OJD,periodicodeibiza,periodicodeibiza.es,,
3643,OJD,rac1,rac1.cat,,
3644,OJD,elnacional,elnacional.cat - català,,
3645,OJD,grup elmon,grup elmon.cat,,
3646,OJD,beteve,beteve.cat,,
3647,OJD,e-noticies - e-noticies,e-noticies - e-noticies.cat,,
3648,OJD,regió7,regió7.cat,,
3649,OJD,catalunyadiari,catalunyadiari.com,,
3650,OJD,grup racocatala (p),grup racocatala (p),,
3651,OJD,emporda,emporda.info,,
3652,OJD,elperiodico,elperiodico.cat,,
3653,OJD,som,som,,
3654,OJD,línia comunicació21,línia comunicació21,,
3655,OJD,catalunyareligio,catalunyareligio.cat - català,,
3656,OJD,radiosabadell,radiosabadell.fm,,
3657,OJD,monesport,monesport.cat,,
3658,OJD,liniaxarxa,liniaxarxa.cat,,
3659,OJD,cugat,cugat.cat,,
3660,OJD,eltriangle,eltriangle.eu - catala,,
3661,OJD,firescatalanes,firescatalanes.cat,,
3662,OJD,viumolinsderei,viumolinsderei.com,,
3663,OJD,elperiòdic,elperiòdic.ad,,
3664,OJD,viurealspirineus,viurealspirineus.cat,,
3665,OJD,junior-report,junior-report.cat,,
3666,OJD,thenewbarcelonapost,thenewbarcelonapost.cat - catala,,
3667,OJD,petitsapiens,petitsapiens.cat,,
3669,OJD,novatarrega,novatarrega.cat,,
3670,OJD,orgull,orgull.barcelona,,
3671,OJD,pirineustv,pirineustv.cat,,
3672,OJD,ràdio ciutat de tarragona,ràdio ciutat de tarragona,,
3673,OJD,pirineusdigital,pirineusdigital.cat,,
3674,OJD,culturab,culturab.cat,,
3676,OJD,aldia,aldia.cat,,
3677,OJD,sommontornes,sommontornes.cat,,
3678,OJD,plaurgelltv,plaurgelltv.cat,,
3681,OJD,garriguestv,garriguestv.cat,,
3682,OJD,sommontmelo,sommontmelo.cat,,
3683,OJD,amic,amic,,
3684,OJD,segarratv,segarratv.cat,,
3685,OJD,amicficcions,amicficcions.cat,,
3686,OJD,segriatv,segriatv.cat,,
3687,OJD,nogueratv,nogueratv.cat,,
3688,OJD,baix camp radio,baix camp radio,,
3689,OJD,ebreexperience,ebreexperience.com,,
3690,OJD,radiovalira,radiovalira.ad,,
3691,OJD,urgelltv,urgelltv.cat,,
3692,OJD,21radio,21radio.cat,,
3693,OJD,aue,aue.cat,,
3694,OJD,fembase,fembase.cat,,
3695,OJD,amicib,amicib.media,,
