media,Origin
palmesana,AMIC
calderi,AMIC
canalbaixpenedes,AMIC
castelldefels,AMIC
districte7,AMIC
ebreactiu,AMIC
el3,AMIC
elmirall,AMIC
elmonic,AMIC
elpoll,AMIC
lesvegueries,AMIC
esplugues,AMIC
jornalet,AMIC
laguait,AMIC
lamarina,AMIC
lapremsamagazine,AMIC
larella,AMIC
lasemaineduroussillon,AMIC
apropebre,AMIC
lecositges,AMIC
andreuenc,AMIC
Viumolinsderei,AMIC
líniasants,AMIC
líniasarria,AMIC
liniatres,AMIC
líniavalles,AMIC
lleidadiari,AMIC
manresadiari,AMIC
molletama,AMIC
monterrassa,AMIC
pallarsdigital,AMIC
rubitv,AMIC
sommontmeló,AMIC
somvalles,AMIC
tarragona21,AMIC
tdbactualitat,AMIC
Territoris,AMIC
totcerdanyola,AMIC
totrubi,AMIC
Viurealspirineus,AMIC
líniasantmarti,AMIC
lleida24,AMIC
marina360,AMIC
suasesport,AMIC
monplaneta,AMIC
territorirural,AMIC
viasona,AMIC
audio,AMIC
onacatradio,AMIC
parlant-de-detalls,AMIC
saltramusica,AMIC
uepmallorca,AMIC
lasbandasdemusica,AMIC
latraca,AMIC
criar,AMIC
qualsevolnit,AMIC
laveudalgemesi,AMIC
formularapida,AMIC
elmondelatele,AMIC
barcelonaalemany,AMIC
paris-barcelona,AMIC
madeinperpignan,AMIC
7diesactualitat,AMIC
ahoramarinabaixa,AMIC
martorelltv,AMIC
radioarrels,AMIC
radiositges,AMIC
revistagroc,AMIC
ripolletaldia,AMIC
Santandreutv,AMIC
sitgesactiu,AMIC
teleponent,AMIC
tot-hospitalet,AMIC
vilapress,AMIC
zonasec,AMIC
aabrera,AMIC
aesparraguera,AMIC
puntinformatiu,AMIC
canalajuntament,AMIC
laradiodelsnens,AMIC
revistahiperbolic,AMIC
laveudelsllibres,AMIC
Lesmuntanyes,AMIC
líniasantandreu,AMIC
línianoubarris,AMIC
canalte24,AMIC
carrerlliure,AMIC
valledeelda,AMIC
vadevi,AMIC
elmoncasteller,AMIC
inediteducacion,AMIC
aboriginemag,AMIC
diaridelallengua,AMIC
espai,AMIC
elculturista,AMIC
verlanga,AMIC
tempsarts,AMIC
culturaipaisatge,AMIC
festescatalunya,AMIC
culturalia,AMIC
frontissa,AMIC
cultura21,AMIC
esportsradio,AMIC
Núvol,AMIC
larepublicaesportiva,AMIC
esportbalear,AMIC
la-clau,AMIC
indicadordeeconomia,AMIC
lasrepublicas,AMIC
totpla,AMIC
saplaca,AMIC
Junior-report,AMIC
blanquinegres,AMIC
metadata,AMIC
el9nou,AMIC
hibridosyelectricos,AMIC
balearsvadegust,AMIC
vadegust,AMIC
foodiesonmenorca,AMIC
elgourmetcatala,AMIC
escaparatedigital,AMIC
lapositiva,AMIC
esportandreuenc,AMIC
mon,AMIC
liniarambla,AMIC
media,AMIC
gentedelasafor,AMIC
somsafor,AMIC
radiojove,AMIC
baixcampradio,AMIC
bellaterradiari,AMIC
canal21ebre,AMIC
diarideterrassa,AMIC
empordà,AMIC
lafurapenedes,AMIC
líniaciutatvella,AMIC
liniacornella,AMIC
líniaeixample,AMIC
líniagracia,AMIC
líniahorta,AMIC
liniahospitalet,AMIC
línialescorts,AMIC
liniamar,AMIC
línianord,AMIC
somgandia,AMIC
noticiasmarinaalta,AMIC
sermaestrat,AMIC
onadigital,AMIC
elnostreciutat,AMIC
areavisual,AMIC
exterior,AMIC
diaridebenicassim,AMIC
escenacultural,AMIC
tornaveu,AMIC
laveudalginet,AMIC
apuntmenorca,AMIC
sapsque,AMIC
Catalunyareligio,AMIC
campingscat,AMIC
eldiari,AMIC
festacatalunya,AMIC
laconca51,AMIC
fibwidiario,AMIC
larepublica,AMIC
xcatalunya,AMIC
cronica,AMIC
revistaglobalclub,AMIC
eltotbadalona,AMIC
catalunyaplural,AMIC
digitalmanacor,AMIC
centpercent,AMIC
elsbruguersdigital,AMIC
fetasantfeliu,AMIC
balearsvadevi,AMIC
portada,AMIC
foravila,AMIC
tucomarca,AMIC
suhecapuntcom,AMIC
eliris,AMIC
tresdeu,AMIC
spacelaw,AMIC
castello24,AMIC
aquicatalunha,AMIC
radiolavallduixo,AMIC
ludica,AMIC
diacritic,AMIC
periodicontinyent,AMIC
diariodemallorca,AMIC
equinoxmagazine,AMIC
Social,AMIC
elsoller,AMIC
fulldenginyeria,AMIC
mallorcadiario,AMIC
mallorcactual,AMIC
laciutat ,AMIC
forum,AMIC
elperiodic,AMIC
diarilaveu,AMIC
tvdigitalontinyent,AMIC
revistasao,AMIC
revistapoble,AMIC
castellonoticies,AMIC
alicantextra,AMIC
diariandorra,AMIC
ultimahora,AMIC
firesifestes,AMIC
menorcaaldia,AMIC
menorca,AMIC
menorcadiario,AMIC
manacorcomarcal,AMIC
Periodicodeibiza,AMIC
revista07500,AMIC
sompollença,AMIC
onamediterrania,AMIC
mollet a mà,"AMIC, CAC"
línia sarrià-sant gervasi,"AMIC, CAC"
"línia tres (esplugues, st joan d, st just d)","AMIC, CAC"
línia vallès (ed. vallès oriental),"AMIC, CAC"
línia vallès (ed. cerdanyola),"AMIC, CAC"
llevant actualitat,"AMIC, CAC"
línia nord (ed. montserratí) _ abans: ed. baix llobregat,"AMIC, CAC"
més! osona ripollès garrotxa moianès  (abans: més osona),"AMIC, CAC"
més vila-seca,"AMIC, CAC"
"pànxing berguedà, bages i solsonès","AMIC, CAC"
revista culturab _ (xarxa línia),"AMIC, CAC"
pànxing tot cerdanya,"AMIC, CAC"
"reclam la cerdanya, l'alt urgell","AMIC, CAC"
reclam magazín,"AMIC, CAC"
revista orgull _ (xarxa línia),"AMIC, CAC"
santcugat magazine,"AMIC, CAC"
see barcelona,"AMIC, CAC"
somgranollers,"AMIC, CAC"
sommollet,"AMIC, CAC"
línia nord (ed. barcelonès),"AMIC, CAC"
pànxing maresme,"AMIC, CAC"
línia mar (ed. baix maresme),"AMIC, CAC"
20 minutos barcelona,"AMIC, CAC"
línia l'hospitalet,"AMIC, CAC"
sommontornès,"AMIC, CAC"
capgròs mataró i maresme,"AMIC, CAC"
el nostre banyeres,"AMIC, CAC"
diari més tarragona reus i costa daurada,"AMIC, CAC"
el mirall.net,"AMIC, CAC"
el nou de l'empordà,"AMIC, CAC"
els colors del pla de l'estany,"AMIC, CAC"
freqüència,"AMIC, CAC"
gente catalunya,"AMIC, CAC"
groc,"AMIC, CAC"
indicador d'economía,"AMIC, CAC"
la bústia del baix llobregat,"AMIC, CAC"
magazín la mira,"AMIC, CAC"
la fura,"AMIC, CAC"
la marina,"AMIC, CAC"
el nostre muro,"AMIC, CAC"
"la torre de barcelona (ed. sarrià, sant gervasi i les corts)","AMIC, CAC"
la torre de barcelona - oci i cultura familiar,"AMIC, CAC"
el nostre xixona,"AMIC, CAC"
canfali marina alta,"AMIC, CAC"
linia les corts,"AMIC, CAC"
"línia mar (ed. baix llobregat _ castelldefels, gavà, viladecans i el prat)","AMIC, CAC"
torredembarra actualitat,"AMIC, CAC"
manacor comarcal,"AMIC, CAC"
apunt menorca,"AMIC, CAC"
el 9 nou osona i el ripolles,"AMIC, CAC"
el 9 nou vallès oriental,"AMIC, CAC"
el breny,"AMIC, CAC"
el gratis,"AMIC, CAC"
el iris,"AMIC, CAC"
el nostre ciutat,"AMIC, CAC"
el periòdic d'ontinyent,"AMIC, CAC"
revista mira'm,"AMIC, CAC"
el saò,"AMIC, CAC"
escaparate,"AMIC, CAC"
estil,"AMIC, CAC"
la semaine du roussillon,"AMIC, CAC"
la traca,"AMIC, CAC"
la veu de l'anoia _ info preu 1/2 diba,"AMIC, CAC"
"las bandas periòdic de la música, les músiques i la cultura popular _ (pv)","AMIC, CAC"
l'eco de sitges,"AMIC, CAC"
l'estel,"AMIC, CAC"
vallespir,"AMIC, CAC"
tucomarca.com,"AMIC, CAC"
dona secret,"AMIC, CAC"
diari menorca,"AMIC, CAC"
diari ara,"AMIC, CAC"
d ferreries,"AMIC, CAC"
anoiamagazín,"AMIC, CAC"
revista útil,"AMIC, CAC"
somiatruites,"AMIC, CAC"
territoris magazine,"AMIC, CAC"
tot caldes de montbui,"AMIC, CAC"
tot .... i més,"AMIC, CAC"
tothosap! garraf,"AMIC, CAC"
tot molins,"AMIC, CAC"
tot osona,"AMIC, CAC"
top girona,"AMIC, CAC"
"tot temàtic (tot casa, tot salut i tot gastro)","AMIC, CAC"
l'alcudia 752,"AMIC, CAC"
el nostre bocairent,"AMIC, CAC"
7setmanari de llevat,"AMIC, CAC"
"al portal, veus de l'aguer","AMIC, CAC"
el nostre oliva,"AMIC, CAC"
cala millor 7,"AMIC, CAC"
la veu d'algemesí,"AMIC, CAC"
"camacuc, revista per xiquets i xiquetes","AMIC, CAC"
cent per cent,"AMIC, CAC"
zona sec,"AMIC, CAC"
suheca,"AMIC, CAC"
el periòdic d'andorra,"AMIC, CAC"
setmanari sóller,"AMIC, CAC"
les mesures del pirineu,"AMIC, CAC"
la veu d'alginet,"AMIC, CAC"
la rella,"AMIC, CAC"
la positiva,"AMIC, CAC"
info roda,"AMIC, CAC"
info calafell,"AMIC, CAC"
iluro,"AMIC, CAC"
flash deco sant cugat,"AMIC, CAC"
èxit vallès,"AMIC, CAC"
l'ham,"AMIC, CAC"
la opinión de torrent,"AMIC, CAC"
buris-ana,"AMIC, CAC"
semanario valle de elda,"AMIC, CAC"
7 dies actualitat de benicarló,"AMIC, CAC"
el mònic,"AMIC, CAC"
cultura i paisatge a la ruta del císter,"AMIC, CAC"
ciutadella de franc,"AMIC, CAC"
calderí,"AMIC, CAC"
bondia,"AMIC, CAC"
bellaterra diari,"AMIC, CAC"
ciutat de carlet,"AMIC, CAC"
l’informatiu de palau-solità i plegamans,"AMIC, CAC"
7 dies actualitat de vinaròs,"AMIC, CAC"
magazine lleida,"AMIC, CAC"
l'opinió l'hospitalet i baix llobregat,"AMIC, CAC"
sa plaça,"AMIC, CAC"
s'altra música,"AMIC, CAC"
punt informatiu pollença,"AMIC, CAC"
portada.info,"AMIC, CAC"
periódico de ibiza y formentera,"AMIC, CAC"
penedès econòmic,"AMIC, CAC"
món sant cugat,"AMIC, CAC"
mil dimonis,"AMIC, CAC"
revista poble (pv),"AMIC, CAC"
revista la ciutat,"AMIC, CAC"
notícies del matarranya,"AMIC, CAC"
mel i sucre,"AMIC, CAC"
nua,"AMIC, CAC"
paral·lel oh!,"AMIC, CAC"
setmanari informació comarcal notícies,"AMIC, CAC"
revista de vic,"AMIC, CAC"
respira comerç,"AMIC, CAC"
revista badalona 2000,"AMIC, CAC"
"reclam la garrotxa""el 29""","AMIC, CAC"
loclar,"AMIC, Iberfier"
panxing,"AMIC, Iberfier"
catalunyamagrada,"AMIC, Iberfier"
racocatala,"AMIC, Iberfier"
teatral,"AMIC, Iberfier"
diarisanitat,"AMIC, Iberfier"
segre,"AMIC, Iberfier"
timeout,"AMIC, Iberfier"
alcaldes,"AMIC, Iberfier"
lamira,"AMIC, Iberfier"
socpetit,"AMIC, Iberfier"
enderrock,"AMIC, Iberfier"
defrancdigital,"AMIC, Iberfier"
diaritreball,"AMIC, Iberfier"
viufelanitx,"AMIC, Iberfier"
lavoz,"AMIC, Iberfier"
elfar,"AMIC, Iberfier"
arabalears,"AMIC, Iberfier"
capvermell,"AMIC, Iberfier"
dbalears,"AMIC, Iberfier"
manacormanacor,"AMIC, Iberfier"
noudiari,"AMIC, Iberfier"
saveu,"AMIC, Iberfier"
aramultimedia,"AMIC, Iberfier"
castelloextra,"AMIC, Iberfier"
lamarinaplaza,"AMIC, Iberfier"
valenciaextra,"AMIC, Iberfier"
aguaita,"AMIC, Iberfier"
loest,"AMIC, Iberfier"
elllobregat,"AMIC, Iberfier"
lescroniques,"AMIC, Iberfier"
diarisantquirze,"AMIC, Iberfier"
aolesa,"AMIC, Iberfier"
anoiadiari,"AMIC, Iberfier"
aquibergueda,"AMIC, Iberfier"
balaguer,"AMIC, Iberfier"
comarquesdeponent,"AMIC, Iberfier"
comarquesnord,"AMIC, Iberfier"
diaridegirona,"AMIC, Iberfier"
diaridesabadell,"AMIC, Iberfier"
diarimes,"AMIC, Iberfier"
naciodigital,"AMIC, Iberfier"
ebredigital,"AMIC, Iberfier"
elcargol,"AMIC, Iberfier"
elcugatenc,"AMIC, Iberfier"
expresdesantandreu,"AMIC, Iberfier"
gerio,"AMIC, Iberfier"
infoanoia,"AMIC, Iberfier"
infocamp,"AMIC, Iberfier"
isabadell,"AMIC, Iberfier"
labustia,"AMIC, Iberfier"
eixdiari,"AMIC, Iberfier"
elmon,"AMIC, Iberfier"
elcritic,"AMIC, Iberfier"
catalunyapress,"AMIC, Iberfier"
adolescents,"AMIC, Iberfier"
laopiniondetorrent,"AMIC, Iberfier"
fosbury,"AMIC, Iberfier"
comunicacio21,"AMIC, Iberfier"
surtdecasa,"AMIC, Iberfier"
sies,"AMIC, Iberfier"
festadirecte,"AMIC, Iberfier"
revistamirall,"AMIC, Iberfier"
donesdigital,"AMIC, Iberfier"
jornal,"AMIC, Iberfier"
diarieducacio,"AMIC, Iberfier"
viaempresa,"AMIC, Iberfier"
gastronomicament,"AMIC, Iberfier"
diaridelmaestrat,"AMIC, Iberfier"
regio7,"AMIC, Iberfier"
eltemps,"AMIC, Iberfier"
meseconomia,"AMIC, Iberfier"
penedeseconomic,"AMIC, Iberfier"
ara,"AMIC, Iberfier"
laciutat,"AMIC, Iberfier"
amasquefa,"AMIC, Iberfier"
laguiadereus,"AMIC, Iberfier"
lapremsadelbaix,"AMIC, Iberfier"
castellvilarenc,"AMIC, Iberfier"
cerdanyolaaldia,"AMIC, Iberfier"
diaridebadalona,"AMIC, Iberfier"
diarieljardi,"AMIC, Iberfier"
elbaix,"AMIC, Iberfier"
gava,"AMIC, Iberfier"
independent,"AMIC, Iberfier"
laclau,"AMIC, Iberfier"
canalte,"AMIC, Iberfier"
latorredebarcelona,"AMIC, Iberfier"
radiocapital,"AMIC, Iberfier"
revistaderipollet,"AMIC, Iberfier"
santboidiari,"AMIC, Iberfier"
tasta,"AMIC, Iberfier"
totlleida,"AMIC, Iberfier"
uncopdull,"AMIC, Iberfier"
diaridesantacoloma,"AMIC, Iberfier"
diaridesantadria,"AMIC, Iberfier"
montpeita,"AMIC, Iberfier"
canalreustv,"AMIC, Iberfier"
amartorell,"AMIC, Iberfier"
veuanoia,"AMIC, Iberfier"
lleida,"AMIC, Iberfier"
marfanta,"AMIC, Iberfier"
mesebre,"AMIC, Iberfier"
mesosona,"AMIC, Iberfier"
mollerussa,"AMIC, Iberfier"
noticiestgn,"AMIC, Iberfier"
onabages,"AMIC, Iberfier"
rctgn,"AMIC, Iberfier"
reusdigital,"AMIC, Iberfier"
revistacambrils,"AMIC, Iberfier"
somlallagosta,"AMIC, Iberfier"
somlesfranqueses,"AMIC, Iberfier"
sommartorelles,"AMIC, Iberfier"
somparets,"AMIC, Iberfier"
somsantfost,"AMIC, Iberfier"
tarragonadigital,"AMIC, Iberfier"
tarrega,"AMIC, Iberfier"
totbarcelona,"AMIC, Iberfier"
totsantcugat,"AMIC, Iberfier"
lamanyana,"AMIC, Iberfier"
capgros,"AMIC, Iberfier"
aquí berguedà,"AMIC, Iberfier, CAC"
regió 7,"AMIC, Iberfier, CAC"
línia sants,"AMIC, Iberfier, CAC"
línia sant martí,"AMIC, Iberfier, CAC"
línia sant andreu,"AMIC, Iberfier, CAC"
línia horta,"AMIC, Iberfier, CAC"
línia gràcia,"AMIC, Iberfier, CAC"
línia eixample,"AMIC, Iberfier, CAC"
línia cornellà,"AMIC, Iberfier, CAC"
línia ciutat vella,"AMIC, Iberfier, CAC"
l'independent de gràcia,"AMIC, Iberfier, CAC"
l'enllaç dels anoiencs,"AMIC, Iberfier, CAC"
la premsa del baix,"AMIC, Iberfier, CAC"
la clau,"AMIC, Iberfier, CAC"
el cargol,"AMIC, Iberfier, CAC"
diari més ebre,"AMIC, Iberfier, CAC"
cop d'ull,"AMIC, Iberfier, CAC"
comarques de ponent,"AMIC, Iberfier, CAC"
cerdanyola al dia,"AMIC, Iberfier, CAC"
catalunya religió,"AMIC, Iberfier, CAC"
anoia diari,"AMIC, Iberfier, CAC"
revista de ripollet,"AMIC, Iberfier, CAC"
tot cerdanyola,"AMIC, Iberfier, CAC"
línia nou barris,"AMIC, Iberfier, CAC"
tribuna maresme,"AMIC, Iberfier, CAC"
sa veu,"AMIC, Iberfier, CAC"
montpeità,"AMIC, Iberfier, CAC"
la veu de l'anoia,"AMIC, Iberfier, CAC"
la mañana,"AMIC, Iberfier, CAC"
el temps,"AMIC, Iberfier, CAC"
diari jornada,"AMIC, Iberfier, CAC"
tot sant cugat,"AMIC, Iberfier, CAC"
diari de sabadell,"AMIC, Iberfier, CAC"
diari de girona,"AMIC, Iberfier, CAC"
ara balears,"AMIC, Iberfier, CAC"
diari de terrassa,"AMIC, Iberfier, CAC"
ripollet al dia,"AMIC, Iberfier, CAC"
viure als pirineus,"AMIC, Iberfier, CAC"
diari de badalona,"AMIC, Iberfier, CAC"
diari de rubí,"AMIC, Iberfier, CAC"
el jardí de sant gervasi i sarrià,"AMIC, Iberfier, CAC"
3 viles,"AMIC, Iberfier, CAC"
la borrufa,"AMIC, Iberfier, CAC"
la guia de reus,"AMIC, Iberfier, CAC"
l'alzina,"AMIC, Iberfier, CAC"
revista cambrils,"AMIC, Iberfier, CAC"
los40 la selva,CAC
mar tv,CAC
los40 urban,CAC
los40 tarragona,CAC
los40 pirineus puigcerdà,CAC
los40 penedès-garraf,CAC
los40 osona,CAC
los40 mora d'ebre,CAC
los40 lleida,CAC
vilassar de dalt ràdio,CAC
vilassar ràdio,CAC
los40 classic lleida,CAC
canal taronja bages,CAC
canal taronja anoia,CAC
canal t.e.,CAC
canal reus tv,CAC
canal 4,CAC
canal 20 ràdio olèrdola,CAC
caldes fm,CAC
calafell ràdio,CAC
cadena dial salou,CAC
cadena dial penedès-garraf,CAC
cadena dial girona,CAC
canal taronja osona,CAC
cadena dial ebre,CAC
cadena dial,CAC
cadena 100 reus-tarragona,CAC
cadena 100 lleida,CAC
cadena 100 girona,CAC
cadena 100 barcelona,CAC
bellvei ràdio,CAC
bas ràdio,CAC
banyoles televisió,CAC
alcover ràdio,CAC
alcanar ràdio,CAC
3/24,CAC
cadena dial barcelona,CAC
los40 costa brava,CAC
canal terrassa vallès,CAC
catalunya música,CAC
los40 classic,CAC
los40 catalunya central,CAC
los40 catalunya,CAC
lleida televisió,CAC
live fm,CAC
l'espluga fm ràdio,CAC
la veu,CAC
la cala ràdio,CAC
kiss fm,CAC
icat,CAC
hit tv,CAC
catalunya informació,CAC
girona fm,CAC
etv,CAC
esport3,CAC
emun fm ràdio torrefarrera,CAC
emun fm ràdio alguaire,CAC
emun fm ràdio alfarràs,CAC
emun fm ràdio albesa,CAC
empordà televisió,CAC
domenys ràdio,CAC
cugat ràdio,CAC
cerdanyola ràdio,CAC
catalunya ràdio,CAC
europa fm,CAC
los40 girona,CAC
canal 21 ebre,CAC
máxima fm,CAC
ràdio vilamajor,CAC
ràdio vilafranca,CAC
ràdio vila,CAC
ràdio valls - hit 103,CAC
ràdio vallalta,CAC
ràdio tossa,CAC
radio teletaxi,CAC
ràdio tàrrega,CAC
ràdio st. vicenç,CAC
ràdio sió,CAC
ràdio seu fm,CAC
ràdio santvi,CAC
ràdio santpedor,CAC
ràdio santa susanna,CAC
ràdio santa perpètua,CAC
ràdio sant pol,CAC
ràdio sant gregori,CAC
ràdio sant fruitós,CAC
ràdio sant esteve,CAC
ràdio salt,CAC
ràdio roda,CAC
ràdio ripollet,CAC
ràdio ripoll,CAC
ràdiob - ràdio ciutat de badalona,CAC
ràdio quart,CAC
rap 107 fm,CAC
roda de berà ràdio,CAC
matadepera ràdio,CAC
vallès oriental tv,CAC
vacarisses ràdio,CAC
ua1 lleida ràdio,CAC
tvscvallès 1,CAC
tv sabadell vallès,CAC
tv la selva,CAC
tv el vendrell,CAC
tv de l'hospitalet,CAC
tot tv,CAC
terramar tarragona,CAC
terramar penedès,CAC
televisió del ripollès,CAC
televisió del berguedà - catalunya central,CAC
televisió de girona,CAC
televisió costa brava,CAC
teleb - televisió de badalona,CAC
te24,CAC
tac 12,CAC
sx3/33,CAC
selva fm breda,CAC
selva fm,CAC
sarroca ràdio,CAC
rock fm,CAC
ràdio puigcerdà,CAC
tivissa ràdio,CAC
ràdio pinós,CAC
ràdio bonmatí,CAC
ràdio besalú,CAC
ràdio begur,CAC
ràdio barberà,CAC
ràdio balaguer,CAC
ràdio artesa de segre,CAC
ràdio arbúcies,CAC
ràdio arboç,CAC
ràdio aran,CAC
ràdio 010,CAC
punt 7 ràdio sant celoni,CAC
pròxima fm,CAC
premià de dalt ràdio,CAC
penedès tv,CAC
penedès fm subirats,CAC
onda cero,CAC
ona malgrat,CAC
ona bitlles,CAC
olesa ràdio,CAC
noucinc.2 ràdio,CAC
molahits tv,CAC
ràdio platja d'aro,CAC
melodía fm,CAC
ràdio cabanes,CAC
ràdio calella,CAC
ona vilamalla,CAC
ràdio castellar,CAC
ràdio pallejà,CAC
ràdio cambrils,CAC
ràdio piera,CAC
ràdio palau,CAC
ràdio olot,CAC
ràdio nova,CAC
ràdio mollet del vallès,CAC
ràdio moià,CAC
ràdio martorell,CAC
ràdio marca barcelona,CAC
ràdio llançà,CAC
ràdio l'hospitalet de l'infant,CAC
ràdio móra la nova,CAC
ràdio la selva,CAC
ràdio les,CAC
ràdio el morell,CAC
ràdio el vendrell,CAC
ràdio esparreguera,CAC
ràdio gandesa,CAC
ràdio delta,CAC
ràdio joventut,CAC
ràdio juneda,CAC
ràdio la bisbal,CAC
ràdio corbera,CAC
ràdio la llagosta,CAC
radio pego,Iberfier
ràdio mollet,Iberfier
radio ontinyent,Iberfier
radio olot,Iberfier
radio nova,Iberfier
ràdio mora de ebre,Iberfier
radio piera,Iberfier
radio palau,Iberfier
radio manises,Iberfier
radio milleniun de alicante,Iberfier
radio matarranya,Iberfier
radio marca barcelona,Iberfier
ràdio l'om,Iberfier
ràdio lleida,Iberfier
ràdio l’arboç,Iberfier
ràdio pinsania,Iberfier
ràdio litoral,Iberfier
radio la selva,Iberfier
ràdio mistelera,Iberfier
ràdio platja d’aro,Iberfier
ràdio sió agramunt,Iberfier
ràdio reus,Iberfier
report.cat,Iberfier
remember ràdio joventut,Iberfier
radio klara,Iberfier
rap 107,Iberfier
radio vila-real,Iberfier
radio valencia,Iberfier
radio umh,Iberfier
ràdio ulldecona i tvu,Iberfier
radio uji,Iberfier
radioteatre,Iberfier
radio star terrassa,Iberfier
ràdioseu,Iberfier
ràdio sentmenat,Iberfier
ràdio sant vicenç,Iberfier
ràdio sant pere i sant pau,Iberfier
ràdio santa perpetua,Iberfier
radio san font,Iberfier
ràdio salut,Iberfier
radio ripol ona 90,Iberfier
radio pollença,Iberfier
ràdio illa formentera,Iberfier
ràdio 4,Iberfier
radio gracia,Iberfier
radar fm,Iberfier
público,Iberfier
principal,Iberfier
portaveu,Iberfier
pilota veu,Iberfier
piera tv,Iberfier
pares i nens,Iberfier
papers de vi,Iberfier
pantalla,Iberfier
palau informatiu,Iberfier
palafrugell fm,Iberfier
página 66,Iberfier
osona informa!,Iberfier
orgull ràdio,Iberfier
opcions,Iberfier
on economía,Iberfier
onda cero vilanova,Iberfier
revista alella,Iberfier
onda cero tarragona,Iberfier
radio aktiva,Iberfier
ràdio hospitalet,Iberfier
radio alcoy,Iberfier
ràdio artà,Iberfier
ràdio gladys palmera,Iberfier
ràdio girona,Iberfier
ràdio èxit,Iberfier
radio esport valencia,Iberfier
radio esparreguera,Iberfier
radio elche,Iberfier
ràdio despí,Iberfier
ràdio cocentaina,Iberfier
ràdio ciutat vella,Iberfier
radio castellón,Iberfier
ràdio cardedeu,Iberfier
ràdio canovelles city,Iberfier
radio calella televisió,Iberfier
ràdio bon matí,Iberfier
ràdio begues,Iberfier
ràdio barcelona,Iberfier
radio balaguer,Iberfier
radio bala,Iberfier
ràdio badalona,Iberfier
radio altea,Iberfier
revista baix empordà,Iberfier
the new barcelona post,Iberfier
revista castells,Iberfier
tv ripollès,Iberfier
tv girona,Iberfier
tv costa brava,Iberfier
tv berguedà - bages,Iberfier
tva,Iberfier
tus noticias de la safor,Iberfier
tus noticias de la ribera,Iberfier
tus noticias de la plana,Iberfier
tv tossa,Iberfier
tus noticias de la costera,Iberfier
tramuntana tv,Iberfier
tottarragona.cat,Iberfier
totesport.cat,Iberfier
tot ràdio,Iberfier
teveon,Iberfier
territoris,Iberfier
terrassa informa,Iberfier
terrassa digital,Iberfier
tribuna,Iberfier
tv vilanova del vallès,Iberfier
ua1 ràdio,Iberfier
valència diari,Iberfier
onda cero marina-baixa,Iberfier
xtradio,Iberfier
weloba,Iberfier
weekand sabadell,Iberfier
vox uji radio,Iberfier
viu molins de rei,Iberfier
vinaròs news,Iberfier
vilaweb,Iberfier
viladecans,Iberfier
videojocscat,Iberfier
vicolot costabrava,Iberfier
verificat,Iberfier
valors,Iberfier
vallirana televisió,Iberfier
vallès oriental televisió,Iberfier
valencia plaza,Iberfier
valencia noticies,Iberfier
valencia noticias,Iberfier
valencia fiesta y tradición,Iberfier
temes d’avui,Iberfier
televisió sant cugat,Iberfier
televisió de vandellòs,Iberfier
televisió d’eivissa i formentera,Iberfier
sant cugat informa,Iberfier
sant boi notícies,Iberfier
sant andreu tv,Iberfier
salut i força,Iberfier
sabadell informa,Iberfier
rubí tv,Iberfier
rubí informa,Iberfier
rtv vilafranca,Iberfier
rtv el vendrell,Iberfier
rtv10 - ràdio i televisió de sant esteve sesrovires,Iberfier
roses avui,Iberfier
roda de berà radio,Iberfier
ripollet ràdio,Iberfier
ribera tv,Iberfier
ribeirabaixa.info,Iberfier
revista som i serem,Iberfier
revista musical catalana,Iberfier
revista de girona,Iberfier
revista de catalunya,Iberfier
sants ràdio,Iberfier
revista caramella,Iberfier
sapiens,Iberfier
scanner fm,Iberfier
tarragonanoticias.com,Iberfier
tarragona empresarial,Iberfier
tarragona 21,Iberfier
taronja digital anoia,Iberfier
taradell,Iberfier
tac 12 tv,Iberfier
super deporte,Iberfier
som vallés,Iberfier
som montornès,Iberfier
som montmeló,Iberfier
som mollet,Iberfier
som granollers,Iberfier
som garrigues,Iberfier
somatents,Iberfier
social,Iberfier
set accents,Iberfier
ser tarragona,Iberfier
sentmenat,Iberfier
semprevalencia.com,Iberfier
sarment,Iberfier
onda cero lleida,Iberfier
maresme 360,Iberfier
onda cero castellón,Iberfier
diacrític,Iberfier
d’estil,Iberfier
despí tv,Iberfier
descobrir,Iberfier
dénia.com,Iberfier
cupatges,Iberfier
cuina,Iberfier
cugat.cat,Iberfier
costa magazine,Iberfier
corporació catalana de mitjans audiovisuals,Iberfier
cope valencia,Iberfier
cope tarragona-reus,Iberfier
diagonal,Iberfier
cooltura fm,Iberfier
contra banda,Iberfier
comunicació palafrugell,Iberfier
comarcal cv,Iberfier
código nuevo,Iberfier
climática,Iberfier
clic tv,Iberfier
onda cero catalunya,Iberfier
ciutat nova,Iberfier
circ de tarragona,Iberfier
cinegeticat,Iberfier
cerdanyola informa!,Iberfier
cerdanya digital,Iberfier
converses a catalunya,Iberfier
diari català,Iberfier
diari de barcelona,Iberfier
diari de la neu,Iberfier
el meridiano l'horta,Iberfier
el mercadal,Iberfier
el matí independent de lleida,Iberfier
el far fm,Iberfier
el dimoni,Iberfier
eldiario.es,Iberfier
el diari del vallès,Iberfier
el diari,Iberfier
el cinèfil,Iberfier
el castell,Iberfier
el caso,Iberfier
el capicua,Iberfier
el babau,Iberfier
el 3 de vuit,Iberfier
ebre exprés,Iberfier
dossier europa,Iberfier
directe!,Iberfier
directa,Iberfier
diari win,Iberfier
diari serpis,Iberfier
diario de alicante,Iberfier
diari maresme,Iberfier
diari la veu,Iberfier
diari la terreta,Iberfier
diari digital,Iberfier
diari de vilanova,Iberfier
diari de tarragona,Iberfier
catorze,Iberfier
cat música,Iberfier
catalunya radio,Iberfier
catalunya plural,Iberfier
ara vallès,Iberfier
ara granollers,Iberfier
à punt,Iberfier
antena catalana,Iberfier
alzira ràdio,Iberfier
altanto!!,Iberfier
alicante plaza,Iberfier
aldia.cat,Iberfier
alacant extra,Iberfier
aixoes mallorca,Iberfier
agrocultura,Iberfier
agencia efe,Iberfier
agència catalana de notícies,Iberfier
actualitat valenciana,Iberfier
actualitat penal,Iberfier
acel obert,Iberfier
9 magazine,Iberfier
9 exili,Iberfier
8 tv,Iberfier
777 comunica,Iberfier
7deràdio,Iberfier
7 dies vallès,Iberfier
772 el diari digital de castellbisbal,Iberfier
50x7,Iberfier
40 putes,Iberfier
25 televisió,Iberfier
243 cat,Iberfier
audiovisual cabrera,Iberfier
el montònec digital,Iberfier
avenç el palau,Iberfier
badanotis,Iberfier
catalunya news,Iberfier
catalunya diari,Iberfier
catalunya cristiana,Iberfier
castellón plaza,Iberfier
cassà digital,Iberfier
caràkter ciutadà,Iberfier
capçalera,Iberfier
canal taronja,Iberfier
canal set,Iberfier
canal 4 tv,Iberfier
canal 4 radio,Iberfier
cam ràdio,Iberfier
camp de túria,Iberfier
calamillor7,Iberfier
calafell radio y tv,Iberfier
cafèambllet.com,Iberfier
butxaca,Iberfier
bolsamania,Iberfier
boca ràdio,Iberfier
blanes al día,Iberfier
betera.com,Iberfier
berguedà actual,Iberfier
benegre,Iberfier
belltall,Iberfier
barcelona metròpolis,Iberfier
barcelona digital radio,Iberfier
banyoles tv,Iberfier
badalona comunicació,Iberfier
el nacional.cat,Iberfier
clicama,Iberfier
el nostre digital,Iberfier
l'esportiu de catalunya,Iberfier
l'econòmic,Iberfier
l’eco de sitges,Iberfier
la xarxa,Iberfier
la vila digital,Iberfier
lacolumna.cat,Iberfier
la veu de lliria,Iberfier
la vila,Iberfier
l'avenç,Iberfier
la vanguardia,Iberfier
latinos fm,Iberfier
la veu de benicarló,Iberfier
levante ud radio,Iberfier
l'artesenc,Iberfier
la república,Iberfier
la plana al día,Iberfier
la palanca,Iberfier
la ocho mediterráneo,Iberfier
la nova ràdio,Iberfier
la marina digital,Iberfier
la local ràdio tiana,Iberfier
la fulla,Iberfier
l'actual,Iberfier
la farga - revista de salt,Iberfier
l'accent,Iberfier
la cala rtv,Iberfier
la revistona,Iberfier
lhdigital,Iberfier
l'hora | el diari en línia de nou cicle,Iberfier
lleida diari,Iberfier
ona sants-monjüic,Iberfier
ona mediterrània radio,Iberfier
ona mar,Iberfier
núvol,Iberfier
novelda radio,Iberfier
nova tàrrega,Iberfier
el nas de cardedeu,Iberfier
nova badia,Iberfier
nous catalans,Iberfier
noticias comunitat valenciana,Iberfier
noticiari es saig,Iberfier
nationalia,Iberfier
montcada ràdio,Iberfier
món empresarial,Iberfier
molins tv,Iberfier
mislata radio,Iberfier
mislata news,Iberfier
mètode,Iberfier
mataró audiovisual,Iberfier
matadepera tv,Iberfier
manresa diari,Iberfier
malgrat comunicació,Iberfier
l'unilateral,Iberfier
lo pedris,Iberfier
l’opció,Iberfier
llobregós informatiu,Iberfier
lliure i millor,Iberfier
kodro.cat,Iberfier
junior report,Iberfier
nova conca,Iberfier
infotúria,Iberfier
esquerra diari catalunya,Iberfier
espluga fm ràdio,Iberfier
esguard,Iberfier
es diari,Iberfier
eroski consumer,Iberfier
entreacte,Iberfier
entorn revista digital,Iberfier
e-notícies,Iberfier
empordà info,Iberfier
emporda digital,Iberfier
el vallenc,Iberfier
el triangle,Iberfier
el travesser,Iberfier
el tot mataró i maresme,Iberfier
el tot granollers,Iberfier
el ter,Iberfier
el tecnològic,Iberfier
el sot,Iberfier
el setmanari de súria,Iberfier
el salto,Iberfier
el ripollès digital,Iberfier
el punt avui,Iberfier
el prat tv,Iberfier
el periódico,Iberfier
elperiodic.com,Iberfier
el país,Iberfier
jove espectacle,Iberfier
ésteva,Iberfier
estris,Iberfier
el poll tv,Iberfier
fem safareig,Iberfier
ets el que menges,Iberfier
indumentat,Iberfier
independent barbera,Iberfier
icat radio,Iberfier
ib3 televisió y ràdio,Iberfier
hora nova,Iberfier
hola lleida,Iberfier
hit 103,Iberfier
hiperbòlic,Iberfier
guia nupcial,Iberfier
grup4,Iberfier
groc revista,Iberfier
gran vía radio,Iberfier
imc barcelona,Iberfier
gramenet 2.0,Iberfier
fútbol base catalá,Iberfier
granollers informa!,Iberfier
garrotxa digital,Iberfier
gavà tv,Iberfier
gent gran,Iberfier
gidona,Iberfier
info jonquera,Iberfier
globalon,Iberfier
gràcia món,Iberfier
gironanotícies.com,Iberfier
gool natura,Iberfier
gràcia televisió,Iberfier
golsmedia,Iberfier
ràdio pista,"Iberfier, CAC"
ràdio pineda,"Iberfier, CAC"
ràdio palamós,"Iberfier, CAC"
ràdio premià de mar,"Iberfier, CAC"
ràdio palafolls,"Iberfier, CAC"
ràdio ona,"Iberfier, CAC"
ràdio puig-reig,"Iberfier, CAC"
ràdio montornès,"Iberfier, CAC"
ràdio montgrí,"Iberfier, CAC"
ràdio montblanc,"Iberfier, CAC"
ràdio palafrugell,"Iberfier, CAC"
ràdio masquefa,"Iberfier, CAC"
ràdio marina,"Iberfier, CAC"
ràdio maricel,"Iberfier, CAC"
ràdio manlleu,"Iberfier, CAC"
ràdio les planes,"Iberfier, CAC"
ràdio l'escala,"Iberfier, CAC"
ràdio les borges,"Iberfier, CAC"
ràdio la vall,"Iberfier, CAC"
ràdio igualada,"Iberfier, CAC"
ràdio ràpita,"Iberfier, CAC"
ràdio granollers,"Iberfier, CAC"
ràdio gelida,"Iberfier, CAC"
ràdio molins de rei,"Iberfier, CAC"
ràdio llavaneres,"Iberfier, CAC"
ràdio silenci,"Iberfier, CAC"
ràdio rubí,"Iberfier, CAC"
ser catalunya,"Iberfier, CAC"
ràdio gavà,"Iberfier, CAC"
ràdio voltregà,"Iberfier, CAC"
ràdio vitamènia,"Iberfier, CAC"
ràdio vila-sacra,"Iberfier, CAC"
ràdio vilafant,"Iberfier, CAC"
ràdio vilablareix,"Iberfier, CAC"
ràdio vic,"Iberfier, CAC"
ràdio tortosa,"Iberfier, CAC"
ràdio tordera,"Iberfier, CAC"
ràdio tiana,"Iberfier, CAC"
ràdio rosselló,"Iberfier, CAC"
ràdio taradell,"Iberfier, CAC"
ràdio sarrià,"Iberfier, CAC"
ràdio sant sadurní,"Iberfier, CAC"
ràdio sant quirze,"Iberfier, CAC"
ràdio sant joan,"Iberfier, CAC"
ràdio sant hilari,"Iberfier, CAC"
ràdio sant feliu,"Iberfier, CAC"
ràdio sant cebrià,"Iberfier, CAC"
ràdio sant boi,"Iberfier, CAC"
ràdio sant andreu,"Iberfier, CAC"
ràdio sallent,"Iberfier, CAC"
ràdio sabadell,"Iberfier, CAC"
ràdio súria,"Iberfier, CAC"
ràdio flix,"Iberfier, CAC"
nova ràdio lloret,"Iberfier, CAC"
ràdio falset,"Iberfier, CAC"
llagostera ràdio,"Iberfier, CAC"
la veu de navàs,"Iberfier, CAC"
la plana ràdio,"Iberfier, CAC"
la sénia ràdio,"Iberfier, CAC"
imagina ràdio,"Iberfier, CAC"
gum fm,"Iberfier, CAC"
flaix fm,"Iberfier, CAC"
el prat ràdio,"Iberfier, CAC"
digital hits fm,"Iberfier, CAC"
cope barcelona,"Iberfier, CAC"
constantí ràdio,"Iberfier, CAC"
mataró ràdio,"Iberfier, CAC"
canal blau,"Iberfier, CAC"
betevé,"Iberfier, CAC"
antena caro,"Iberfier, CAC"
antena aldaia,"Iberfier, CAC"
amposta ràdio,"Iberfier, CAC"
altafulla ràdio,"Iberfier, CAC"
alpicat ràdio,"Iberfier, CAC"
solsona fm,"Iberfier, CAC"
ràdio vallromanes,"Iberfier, CAC"
emun fm ràdio,"Iberfier, CAC"
el 9 nou,"Iberfier, CAC"
vallès visió,"Iberfier, CAC"
canal 10 empordà,"Iberfier, CAC"
ràdio flaixbac,"Iberfier, CAC"
olot televisió,"Iberfier, CAC"
ona la torre,"Iberfier, CAC"
ràdio estel,"Iberfier, CAC"
ràdio dos 84,"Iberfier, CAC"
ràdio desvern,"Iberfier, CAC"
ràdio cunit,"Iberfier, CAC"
ràdio cubelles,"Iberfier, CAC"
ràdio cornellà,"Iberfier, CAC"
ràdio celrà,"Iberfier, CAC"
ràdio castelldefels,"Iberfier, CAC"
ràdio cassà,"Iberfier, CAC"
ràdio capellades,"Iberfier, CAC"
ràdio cap de creus,"Iberfier, CAC"
ona codinenca,"Iberfier, CAC"
ràdio canet,"Iberfier, CAC"
ràdio cabrera,"Iberfier, CAC"
ràdio blanes,"Iberfier, CAC"
ràdio banyoles,"Iberfier, CAC"
ràdio balsareny,"Iberfier, CAC"
ràdio argentona,"Iberfier, CAC"
ràdio arenys de munt,"Iberfier, CAC"
ràdio arenys,"Iberfier, CAC"
ràdio abrera,"Iberfier, CAC"
rac 105,"Iberfier, CAC"
rac 1,"Iberfier, CAC"
pirineus tv,"Iberfier, CAC"
ràdio caldes,"Iberfier, CAC"
tarragona ràdio,"Iberfier, CAC"
